[Licensing::Module] Trying to connect to existing licensing client channel...
Built from '6000.3/staging' branch; Version is '6000.3.2f1 (a9779f353c9b) revision 11106207'; Using compiler version '194234433'; Build Type 'Release'
OS: 'Windows 11  (10.0.26200) 64bit Professional' Language: 'en' Physical Memory: 16051 MB
[Licensing::IpcConnector] Successfully connected to: "LicenseClient-BASSEL" at "2026-06-08T11:11:29.460866Z"
BatchMode: 1, IsHumanControllingUs: 0, StartBugReporterOnCrash: 0, Is64bit: 1
Date: 2026-06-08T11:11:29Z

COMMAND LINE ARGUMENTS:
C:\Program Files\Unity\Hub\Editor\6000.3.2f1\Editor\Unity.exe
-adb2
-batchMode
-noUpm
-name
AssetImportWorker3
-projectPath
C:/Users/BASSEL/Desktop/Unity 2D Game
-logFile
Logs/AssetImportWorker3.log
-srvPort
60420
-licensingIpc
LicenseClient-BASSEL
-job-worker-count
9
-background-job-worker-count
8
-gc-helper-count
1
-name
AssetImport
Successfully changed project path to: C:/Users/BASSEL/Desktop/Unity 2D Game
C:/Users/BASSEL/Desktop/Unity 2D Game
[UnityMemory] Configuration Parameters - Can be set up in boot.config
    "memorysetup-temp-allocator-size-nav-mesh-worker=65536"
    "memorysetup-temp-allocator-size-audio-worker=65536"
    "memorysetup-temp-allocator-size-gfx=262144"
    "memorysetup-allocator-temp-initial-block-size-main=262144"
    "memorysetup-allocator-temp-initial-block-size-worker=262144"
    "memorysetup-temp-allocator-size-background-worker=32768"
    "memorysetup-temp-allocator-size-job-worker=262144"
    "memorysetup-temp-allocator-size-preload-manager=33554432"
    "memorysetup-temp-allocator-size-gi-baking-worker=262144"
    "memorysetup-temp-allocator-size-gi-baking-worker=262144"
    "memorysetup-temp-allocator-size-gi-baking-worker=262144"
    "memorysetup-temp-allocator-size-gi-baking-worker=262144"
    "memorysetup-temp-allocator-size-gi-baking-worker=262144"
    "memorysetup-bucket-allocator-granularity=16"
    "memorysetup-bucket-allocator-bucket-count=8"
    "memorysetup-bucket-allocator-block-size=33554432"
    "memorysetup-bucket-allocator-block-count=8"
    "memorysetup-main-allocator-block-size=16777216"
    "memorysetup-thread-allocator-block-size=16777216"
    "memorysetup-gfx-main-allocator-block-size=16777216"
    "memorysetup-gfx-thread-allocator-block-size=16777216"
    "memorysetup-cache-allocator-block-size=4194304"
    "memorysetup-typetree-allocator-block-size=2097152"
    "memorysetup-profiler-bucket-allocator-granularity=16"
    "memorysetup-profiler-bucket-allocator-bucket-count=8"
    "memorysetup-profiler-bucket-allocator-block-size=33554432"
    "memorysetup-profiler-bucket-allocator-block-count=8"
    "memorysetup-profiler-allocator-block-size=16777216"
    "memorysetup-profiler-editor-allocator-block-size=1048576"
    "memorysetup-temp-allocator-size-main=16777216"
    "memorysetup-job-temp-allocator-block-size=2097152"
    "memorysetup-job-temp-allocator-block-size-background=1048576"
    "memorysetup-job-temp-allocator-reduction-small-platforms=262144"
    "memorysetup-temp-allocator-size-cloud-worker=32768"
Player connection [47336]  Target information:

Player connection [47336]  * "[IP] 192.168.0.192 [Port] 0 [Flags] 2 [Guid] 3396687112 [EditorId] 3396687112 [Version] 1048832 [Id] WindowsEditor(7,DESKTOP-6U4AG02) [Debug] 1 [PackageName] WindowsEditor [ProjectName] Editor" 

Player connection [47336] Host joined multi-casting on [225.0.0.222:54997]...
Player connection [47336] Host joined alternative multi-casting on [225.0.0.222:34997]...
JobSystem: Creating JobQueue using job-worker-count value 9
Input System module state changed to: Initialized.
[Physics::Module] Initialized fallback backend.
[Physics::Module] Id: 0xdecafbad
Library Redirect Path: Library/
[Physics::Module] Selected backend.
[Physics::Module] Name: PhysX
[Physics::Module] Id: 0xf2b8ea05
[Physics::Module] SDK Version: 4.1.2
[Physics::Module] Integration Version: 1.0.0
[Physics::Module] Threading Mode: Multi-Threaded
Refreshing native plugins compatible for Editor in 8.38 ms, found 4 plugins.
Preloading 0 native plugins for Editor in 0.00 ms.
Initialize engine version: 6000.3.2f1 (a9779f353c9b)
[Subsystems] Discovering subsystems at path C:/Program Files/Unity/Hub/Editor/6000.3.2f1/Editor/Data/Resources/UnitySubsystems
[Subsystems] Discovering subsystems at path C:/Users/BASSEL/Desktop/Unity 2D Game/Assets
GfxDevice: creating device client; kGfxThreadingModeNonThreaded
Direct3D:
    Version:  Direct3D 11.0 [level 11.1]
    Renderer: NVIDIA GeForce RTX 3050 Laptop GPU (ID=0x25a2)
    Vendor:   NVIDIA
    VRAM:     3962 MB
    Driver:   32.0.15.9227
Initialize mono
Mono path[0] = 'C:/Program Files/Unity/Hub/Editor/6000.3.2f1/Editor/Data/Managed'
Mono path[1] = 'C:/Program Files/Unity/Hub/Editor/6000.3.2f1/Editor/Data/MonoBleedingEdge/lib/mono/unityjit-win32'
Mono config path = 'C:/Program Files/Unity/Hub/Editor/6000.3.2f1/Editor/Data/MonoBleedingEdge/etc'
Using monoOptions --debugger-agent=transport=dt_socket,embedding=1,server=y,suspend=n,address=127.0.0.1:56204
Begin MonoManager ReloadAssembly
Registering precompiled unity dll's ...
Register platform support module: C:/Program Files/Unity/Hub/Editor/6000.3.2f1/Editor/Data/PlaybackEngines/WebGLSupport/UnityEditor.WebGL.Extensions.dll
Register platform support module: C:/Program Files/Unity/Hub/Editor/6000.3.2f1/Editor/Data/PlaybackEngines/WindowsStandaloneSupport/UnityEditor.WindowsStandalone.Extensions.dll
[Licensing::Module] Licensing is not yet initialized.
[Licensing::Client] Handshaking with LicensingClient:
  Version:                 1.17.4+4293ba1
  Session Id:              b269fabad2404effb251b7d3e178fd33
  Correlation Id:          189514f9948a13dd38ee5a7a72072212
  External correlation Id: 455137010688847383
  Machine Id:              b/2L51EoM3VmriYId7/D/e8qMHI=
[Licensing::Module] Successfully connected to LicensingClient on channel: "LicenseClient-BASSEL" (connect: 0.00s, validation: 0.00s, handshake: 1.68s)
[Licensing::IpcConnector] Successfully connected to: "LicenseClient-BASSEL-notifications" at "2026-06-08T11:11:31.1433018Z"
[Licensing::Module] Licensing Background thread has ended after 1.68s
[Licensing::Module] Licensing is initialized (took 0.06s).
[Licensing::Client] Successfully resolved entitlement details
[Licensing::Module] License group:
  Id: 7972564005656-UnityPersXXXX
  Product: Unity Personal
  Type: Assigned
  Expiration: Unlimited
Register platform support module: C:/Program Files/Unity/Hub/Editor/6000.3.2f1/Editor/Data/PlaybackEngines/MetroSupport/UnityEditor.UWP.Extensions.dll
[Licensing::Client] Successfully resolved entitlement details
Register platform support module: C:/Program Files/Unity/Hub/Editor/6000.3.2f1/Editor/Data/PlaybackEngines/AndroidPlayer/UnityEditor.Android.Extensions.dll
[Licensing::Client] Successfully resolved entitlement details
Register platform support module: C:/Program Files/Unity/Hub/Editor/6000.3.2f1/Editor/Data/PlaybackEngines/iOSSupport/UnityEditor.iOS.Extensions.dll
Registered in 0.076912 seconds.
- Loaded All Assemblies, in  0.759 seconds
[usbmuxd] Start listen thread
[usbmuxd] Listen thread started
Native extension for iOS target not found
Native extension for Android target not found
Android Extension - Scanning For ADB Devices 508 ms
Native extension for UWP target not found
Native extension for WindowsStandalone target not found
Native extension for WebGL target not found
Mono: successfully reloaded assembly
- Finished resetting the current domain, in  1.350 seconds
Domain Reload Profiling: 2104ms
	BeginReloadAssembly (169ms)
		ExecutionOrderSort (0ms)
		DisableScriptedObjects (0ms)
		BackupInstance (0ms)
		ReleaseScriptingObjects (0ms)
		CreateAndSetChildDomain (1ms)
	RebuildCommonClasses (69ms)
	RebuildNativeTypeToScriptingClass (22ms)
	initialDomainReloadingComplete (166ms)
	LoadAllAssembliesAndSetupDomain (327ms)
		LoadAssemblies (169ms)
		RebuildTransferFunctionScriptingTraits (0ms)
		AnalyzeDomain (318ms)
			TypeCache.Refresh (315ms)
				TypeCache.ScanAssembly (294ms)
			BuildScriptInfoCaches (0ms)
			ResolveRequiredComponents (1ms)
	FinalizeReload (1351ms)
		ReleaseScriptCaches (0ms)
		RebuildScriptCaches (0ms)
		SetupLoadedEditorAssemblies (1278ms)
			LogAssemblyErrors (0ms)
			InitializePlatformSupportModulesInManaged (753ms)
			SetLoadedEditorAssemblies (7ms)
			BeforeProcessingInitializeOnLoad (221ms)
			ProcessInitializeOnLoadAttributes (222ms)
			ProcessInitializeOnLoadMethodAttributes (74ms)
			AfterProcessingInitializeOnLoad (0ms)
			EditorAssembliesLoaded (0ms)
		ExecutionOrderSort2 (0ms)
		AwakeInstancesAfterBackupRestoration (0ms)
========================================================================
Worker process is ready to serve import requests
Import Worker Mode flag is 0x00
Begin MonoManager ReloadAssembly
[Licensing::Client] Successfully resolved entitlement details
Symbol file LoadedFromMemory is not a mono symbol file
Asset path could not be found for script compilation file '/Assets/AccountManager.cs'
Asset path could not be found for script compilation file '/Assets/ChatManager.cs'
Asset path could not be found for script compilation file '/Assets/CoinsDisplay.cs'
Asset path could not be found for script compilation file '/Assets/CustomSkinUtility.cs'
Asset path could not be found for script compilation file '/Assets/PlayerSkinNetwork.cs'
Asset path could not be found for script compilation file '/Assets/ToggleObject.cs'
Asset path could not be found for script compilation file '/Assets/WorkshopUI.cs'
- Loaded All Assemblies, in  1.217 seconds
Refreshing native plugins compatible for Editor in 35.08 ms, found 4 plugins.
Native extension for iOS target not found
Native extension for Android target not found
Native extension for UWP target not found
Native extension for WindowsStandalone target not found
Native extension for WebGL target not found
Package Manager log level set to [2]
[Package Manager] Failed to launch server process. Reason: Unity was launched with the -noUpm command-line argument
[Package Manager] Unable to send message (not connected to server process).
[Package Manager] Cannot connect to Unity Package Manager local server
[Package Manager] Failed to launch server process. Reason: Unity was launched with the -noUpm command-line argument
[Package Manager] Unable to send message (not connected to server process).
[Package Manager] Cannot connect to Unity Package Manager local server
Mono: successfully reloaded assembly
- Finished resetting the current domain, in  1.828 seconds
Domain Reload Profiling: 3040ms
	BeginReloadAssembly (212ms)
		ExecutionOrderSort (0ms)
		DisableScriptedObjects (6ms)
		BackupInstance (0ms)
		ReleaseScriptingObjects (0ms)
		CreateAndSetChildDomain (38ms)
	RebuildCommonClasses (39ms)
	RebuildNativeTypeToScriptingClass (13ms)
	initialDomainReloadingComplete (49ms)
	LoadAllAssembliesAndSetupDomain (897ms)
		LoadAssemblies (566ms)
		RebuildTransferFunctionScriptingTraits (0ms)
		AnalyzeDomain (449ms)
			TypeCache.Refresh (307ms)
				TypeCache.ScanAssembly (277ms)
			BuildScriptInfoCaches (120ms)
			ResolveRequiredComponents (12ms)
	FinalizeReload (1828ms)
		ReleaseScriptCaches (0ms)
		RebuildScriptCaches (0ms)
		SetupLoadedEditorAssemblies (1475ms)
			LogAssemblyErrors (0ms)
			InitializePlatformSupportModulesInManaged (53ms)
			SetLoadedEditorAssemblies (16ms)
			BeforeProcessingInitializeOnLoad (428ms)
			ProcessInitializeOnLoadAttributes (739ms)
			ProcessInitializeOnLoadMethodAttributes (231ms)
			AfterProcessingInitializeOnLoad (6ms)
			EditorAssembliesLoaded (1ms)
		ExecutionOrderSort2 (0ms)
		AwakeInstancesAfterBackupRestoration (11ms)
WARNING: Shader Unsupported: 'Hidden/Universal Render Pipeline/Terrain/Lit (Base Pass)' - All subshaders removed
WARNING: Shader Did you use #pragma only_renderers and omit this platform?
WARNING: Shader If subshaders removal was intentional, you may have forgotten turning Fallback off?
WARNING: Shader Unsupported: 'Hidden/Universal Render Pipeline/Terrain/Lit (Base Pass)' - All subshaders removed
WARNING: Shader Did you use #pragma only_renderers and omit this platform?
WARNING: Shader If subshaders removal was intentional, you may have forgotten turning Fallback off?
WARNING: Shader Unsupported: 'Universal Render Pipeline/Terrain/Lit' - All subshaders removed
WARNING: Shader Did you use #pragma only_renderers and omit this platform?
WARNING: Shader If subshaders removal was intentional, you may have forgotten turning Fallback off?
WARNING: Shader Unsupported: 'Universal Render Pipeline/Terrain/Lit' - All subshaders removed
WARNING: Shader Did you use #pragma only_renderers and omit this platform?
WARNING: Shader If subshaders removal was intentional, you may have forgotten turning Fallback off?
Launched and connected shader compiler UnityShaderCompiler.exe after 0.03 seconds
Refreshing native plugins compatible for Editor in 3.40 ms, found 4 plugins.
Preloading 0 native plugins for Editor in 0.00 ms.
Unloading 47 Unused Serialized files (Serialized files now loaded: 0)
Unloading 9213 unused Assets / (8.7 MB). Loaded Objects now: 9899.
Memory consumption went from 170.7 MB to 162.0 MB.
Total: 15.187200 ms (FindLiveObjects: 1.011100 ms CreateObjectMapping: 0.895200 ms MarkObjects: 8.127600 ms  DeleteObjects: 5.151000 ms)

========================================================================
Received Import Request.
  Time since last request: 1436197.981458 seconds.
  path: Assets/Fonts/TextMesh Pro/Shaders/TMP_SDF SSD.shader
  artifactKey: Guid(14eb328de4b8eb245bb7cea29e4ac00b) Importer(2089858483,b0f066a214c2f5e87bad3c948f4d605d)
Start importing Assets/Fonts/TextMesh Pro/Shaders/TMP_SDF SSD.shader using Guid(14eb328de4b8eb245bb7cea29e4ac00b) Importer(2089858483,b0f066a214c2f5e87bad3c948f4d605d) (ScriptedImporter) -> (artifact id: '98e4ba0b745405bf3ab76e5449a9dd00') in 0.2101177 seconds
Number of updated asset objects reloaded before import = 10Number of asset objects unloaded after import = 1

========================================================================
Received Import Request.
  Time since last request: 0.000040 seconds.
  path: Assets/Fonts/TextMesh Pro/Fonts/LiberationSans - OFL.txt
  artifactKey: Guid(6e59c59b81ab47f9b6ec5781fa725d2c) Importer(2089858483,b0f066a214c2f5e87bad3c948f4d605d)
Start importing Assets/Fonts/TextMesh Pro/Fonts/LiberationSans - OFL.txt using Guid(6e59c59b81ab47f9b6ec5781fa725d2c) Importer(2089858483,b0f066a214c2f5e87bad3c948f4d605d) (ScriptedImporter) -> (artifact id: '7bdcd97a574b0cc66937e4234d9f2fef') in 0.0559255 seconds
Number of updated asset objects reloaded before import = 0Number of asset objects unloaded after import = 1

========================================================================
Received Import Request.
  Time since last request: 0.000117 seconds.
  path: Assets/Fonts/TextMesh Pro/Shaders/TMP_SDF-Mobile-2-Pass.shader
  artifactKey: Guid(0178fcb869bafef4690d177d31d17db8) Importer(2089858483,b0f066a214c2f5e87bad3c948f4d605d)
Start importing Assets/Fonts/TextMesh Pro/Shaders/TMP_SDF-Mobile-2-Pass.shader using Guid(0178fcb869bafef4690d177d31d17db8) Importer(2089858483,b0f066a214c2f5e87bad3c948f4d605d) (ScriptedImporter) -> (artifact id: '3113650a05523dd93be6145685e3c755') in 0.0321661 seconds
Number of updated asset objects reloaded before import = 0Number of asset objects unloaded after import = 1

========================================================================
Received Import Request.
  Time since last request: 0.000240 seconds.
  path: Assets/Fonts/TextMesh Pro/Examples & Extras
  artifactKey: Guid(ce51c8e33b734b4db6086586558c53a3) Importer(2089858483,b0f066a214c2f5e87bad3c948f4d605d)
Start importing Assets/Fonts/TextMesh Pro/Examples & Extras using Guid(ce51c8e33b734b4db6086586558c53a3) Importer(2089858483,b0f066a214c2f5e87bad3c948f4d605d) (ScriptedImporter) -> (artifact id: '6015a791c4bdbed7ebb7fcea74e74d57') in 0.031234 seconds
Number of updated asset objects reloaded before import = 0Number of asset objects unloaded after import = 1

========================================================================
Received Import Request.
  Time since last request: 0.000482 seconds.
  path: Assets/Fonts/TextMesh Pro/Shaders/TMP_SDF-URP Lit.shadergraph
  artifactKey: Guid(a3d800b099a06e0478fb790c5e79057a) Importer(2089858483,b0f066a214c2f5e87bad3c948f4d605d)
Start importing Assets/Fonts/TextMesh Pro/Shaders/TMP_SDF-URP Lit.shadergraph using Guid(a3d800b099a06e0478fb790c5e79057a) Importer(2089858483,b0f066a214c2f5e87bad3c948f4d605d) (ScriptedImporter) -> (artifact id: '4233291194eeb7079d4be6f108a469ff') in 0.1592138 seconds
Number of updated asset objects reloaded before import = 0Number of asset objects unloaded after import = 4

========================================================================
Received Import Request.
  Time since last request: 0.000035 seconds.
  path: Assets/Fonts/TextMesh Pro/Shaders/TMP_SDF-Mobile.shader
  artifactKey: Guid(fe393ace9b354375a9cb14cdbbc28be4) Importer(2089858483,b0f066a214c2f5e87bad3c948f4d605d)
Start importing Assets/Fonts/TextMesh Pro/Shaders/TMP_SDF-Mobile.shader using Guid(fe393ace9b354375a9cb14cdbbc28be4) Importer(2089858483,b0f066a214c2f5e87bad3c948f4d605d) (ScriptedImporter) -> (artifact id: 'ce3dc6d547005ef886795ab831a223b9') in 0.0403568 seconds
Number of updated asset objects reloaded before import = 0Number of asset objects unloaded after import = 1

========================================================================
Received Import Request.
  Time since last request: 0.000484 seconds.
  path: Assets/Fonts/TextMesh Pro/Shaders/TMP_Bitmap.shader
  artifactKey: Guid(128e987d567d4e2c824d754223b3f3b0) Importer(2089858483,b0f066a214c2f5e87bad3c948f4d605d)
Start importing Assets/Fonts/TextMesh Pro/Shaders/TMP_Bitmap.shader using Guid(128e987d567d4e2c824d754223b3f3b0) Importer(2089858483,b0f066a214c2f5e87bad3c948f4d605d) (ScriptedImporter) -> (artifact id: '63311ec36ee1257d9bdb251487480084') in 0.0433469 seconds
Number of updated asset objects reloaded before import = 0Number of asset objects unloaded after import = 1

========================================================================
Received Import Request.
  Time since last request: 0.000341 seconds.
  path: Assets/Fonts/TextMesh Pro/Resources/LineBreaking Following Characters.txt
  artifactKey: Guid(fade42e8bc714b018fac513c043d323b) Importer(2089858483,b0f066a214c2f5e87bad3c948f4d605d)
Start importing Assets/Fonts/TextMesh Pro/Resources/LineBreaking Following Characters.txt using Guid(fade42e8bc714b018fac513c043d323b) Importer(2089858483,b0f066a214c2f5e87bad3c948f4d605d) (ScriptedImporter) -> (artifact id: '4c22902f190a6291cba3ce3cf8d97ece') in 0.0319427 seconds
Number of updated asset objects reloaded before import = 0Number of asset objects unloaded after import = 1

========================================================================
Received Import Request.
  Time since last request: 0.000151 seconds.
  path: Assets/Fonts/TextMesh Pro/Sprites/EmojiOne.json
  artifactKey: Guid(8f05276190cf498a8153f6cbe761d4e6) Importer(2089858483,b0f066a214c2f5e87bad3c948f4d605d)
Start importing Assets/Fonts/TextMesh Pro/Sprites/EmojiOne.json using Guid(8f05276190cf498a8153f6cbe761d4e6) Importer(2089858483,b0f066a214c2f5e87bad3c948f4d605d) (ScriptedImporter) -> (artifact id: '566b7b0bc2f33b3b8134942abc1df7e5') in 0.0556428 seconds
Number of updated asset objects reloaded before import = 0Number of asset objects unloaded after import = 1

========================================================================
Received Prepare
Begin MonoManager ReloadAssembly
Symbol file LoadedFromMemory is not a mono symbol file
- Loaded All Assemblies, in  1.850 seconds
Refreshing native plugins compatible for Editor in 4.14 ms, found 4 plugins.
Native extension for iOS target not found
Native extension for Android target not found
Native extension for UWP target not found
Native extension for WindowsStandalone target not found
Native extension for WebGL target not found
[Package Manager] Failed to launch server process. Reason: Unity was launched with the -noUpm command-line argument
[Package Manager] Unable to send message (not connected to server process).
[Package Manager] Cannot connect to Unity Package Manager local server
[Package Manager] Failed to launch server process. Reason: Unity was launched with the -noUpm command-line argument
[Package Manager] Unable to send message (not connected to server process).
[Package Manager] Cannot connect to Unity Package Manager local server
Mono: successfully reloaded assembly
- Finished resetting the current domain, in  2.107 seconds
Domain Reload Profiling: 3955ms
	BeginReloadAssembly (463ms)
		ExecutionOrderSort (0ms)
		DisableScriptedObjects (25ms)
		BackupInstance (0ms)
		ReleaseScriptingObjects (0ms)
		CreateAndSetChildDomain (136ms)
	RebuildCommonClasses (73ms)
	RebuildNativeTypeToScriptingClass (27ms)
	initialDomainReloadingComplete (64ms)
	LoadAllAssembliesAndSetupDomain (1220ms)
		LoadAssemblies (886ms)
		RebuildTransferFunctionScriptingTraits (0ms)
		AnalyzeDomain (531ms)
			TypeCache.Refresh (23ms)
				TypeCache.ScanAssembly (2ms)
			BuildScriptInfoCaches (479ms)
			ResolveRequiredComponents (20ms)
	FinalizeReload (2108ms)
		ReleaseScriptCaches (0ms)
		RebuildScriptCaches (0ms)
		SetupLoadedEditorAssemblies (1719ms)
			LogAssemblyErrors (0ms)
			InitializePlatformSupportModulesInManaged (56ms)
			SetLoadedEditorAssemblies (9ms)
			BeforeProcessingInitializeOnLoad (508ms)
			ProcessInitializeOnLoadAttributes (860ms)
			ProcessInitializeOnLoadMethodAttributes (274ms)
			AfterProcessingInitializeOnLoad (10ms)
			EditorAssembliesLoaded (2ms)
		ExecutionOrderSort2 (0ms)
		AwakeInstancesAfterBackupRestoration (18ms)
WARNING: Shader Unsupported: 'Hidden/Universal Render Pipeline/Terrain/Lit (Base Pass)' - All subshaders removed
WARNING: Shader Did you use #pragma only_renderers and omit this platform?
WARNING: Shader If subshaders removal was intentional, you may have forgotten turning Fallback off?
WARNING: Shader Unsupported: 'Hidden/Universal Render Pipeline/Terrain/Lit (Base Pass)' - All subshaders removed
WARNING: Shader Did you use #pragma only_renderers and omit this platform?
WARNING: Shader If subshaders removal was intentional, you may have forgotten turning Fallback off?
WARNING: Shader Unsupported: 'Universal Render Pipeline/Terrain/Lit' - All subshaders removed
WARNING: Shader Did you use #pragma only_renderers and omit this platform?
WARNING: Shader If subshaders removal was intentional, you may have forgotten turning Fallback off?
WARNING: Shader Unsupported: 'Universal Render Pipeline/Terrain/Lit' - All subshaders removed
WARNING: Shader Did you use #pragma only_renderers and omit this platform?
WARNING: Shader If subshaders removal was intentional, you may have forgotten turning Fallback off?
Refreshing native plugins compatible for Editor in 3.49 ms, found 4 plugins.
Preloading 0 native plugins for Editor in 0.00 ms.
Unloading 47 Unused Serialized files (Serialized files now loaded: 0)
Unloading 9211 unused Assets / (7.0 MB). Loaded Objects now: 9908.
Memory consumption went from 172.1 MB to 165.1 MB.
Total: 21.447500 ms (FindLiveObjects: 3.037300 ms CreateObjectMapping: 1.183800 ms MarkObjects: 11.218200 ms  DeleteObjects: 6.005600 ms)

Prepare: number of updated asset objects reloaded= 0
========================================================================
Received Prepare
WARNING: Shader Unsupported: 'Hidden/Universal Render Pipeline/Terrain/Lit (Base Pass)' - All subshaders removed
WARNING: Shader Did you use #pragma only_renderers and omit this platform?
WARNING: Shader If subshaders removal was intentional, you may have forgotten turning Fallback off?
WARNING: Shader Unsupported: 'Hidden/Universal Render Pipeline/Terrain/Lit (Base Pass)' - All subshaders removed
WARNING: Shader Did you use #pragma only_renderers and omit this platform?
WARNING: Shader If subshaders removal was intentional, you may have forgotten turning Fallback off?
WARNING: Shader Unsupported: 'Universal Render Pipeline/Terrain/Lit' - All subshaders removed
WARNING: Shader Did you use #pragma only_renderers and omit this platform?
WARNING: Shader If subshaders removal was intentional, you may have forgotten turning Fallback off?
WARNING: Shader Unsupported: 'Universal Render Pipeline/Terrain/Lit' - All subshaders removed
WARNING: Shader Did you use #pragma only_renderers and omit this platform?
WARNING: Shader If subshaders removal was intentional, you may have forgotten turning Fallback off?
Refreshing native plugins compatible for Editor in 4.23 ms, found 4 plugins.
Preloading 0 native plugins for Editor in 0.00 ms.
Unloading 47 Unused Serialized files (Serialized files now loaded: 0)
Unloading 9197 unused Assets / (8.2 MB). Loaded Objects now: 9908.
Memory consumption went from 172.3 MB to 164.1 MB.
Total: 26.726100 ms (FindLiveObjects: 1.230500 ms CreateObjectMapping: 1.540600 ms MarkObjects: 16.735300 ms  DeleteObjects: 7.194100 ms)

Prepare: number of updated asset objects reloaded= 0
========================================================================
Received Prepare
WARNING: Shader Unsupported: 'Hidden/Universal Render Pipeline/Terrain/Lit (Base Pass)' - All subshaders removed
WARNING: Shader Did you use #pragma only_renderers and omit this platform?
WARNING: Shader If subshaders removal was intentional, you may have forgotten turning Fallback off?
WARNING: Shader Unsupported: 'Hidden/Universal Render Pipeline/Terrain/Lit (Base Pass)' - All subshaders removed
WARNING: Shader Did you use #pragma only_renderers and omit this platform?
WARNING: Shader If subshaders removal was intentional, you may have forgotten turning Fallback off?
WARNING: Shader Unsupported: 'Universal Render Pipeline/Terrain/Lit' - All subshaders removed
WARNING: Shader Did you use #pragma only_renderers and omit this platform?
WARNING: Shader If subshaders removal was intentional, you may have forgotten turning Fallback off?
WARNING: Shader Unsupported: 'Universal Render Pipeline/Terrain/Lit' - All subshaders removed
WARNING: Shader Did you use #pragma only_renderers and omit this platform?
WARNING: Shader If subshaders removal was intentional, you may have forgotten turning Fallback off?
Refreshing native plugins compatible for Editor in 4.23 ms, found 4 plugins.
Preloading 0 native plugins for Editor in 0.00 ms.
Unloading 47 Unused Serialized files (Serialized files now loaded: 0)
Unloading 9197 unused Assets / (8.4 MB). Loaded Objects now: 9908.
Memory consumption went from 172.3 MB to 163.9 MB.
Total: 26.586200 ms (FindLiveObjects: 1.543300 ms CreateObjectMapping: 1.861600 ms MarkObjects: 14.550200 ms  DeleteObjects: 8.628200 ms)

Prepare: number of updated asset objects reloaded= 0
========================================================================
Received Prepare
WARNING: Shader Unsupported: 'Hidden/Universal Render Pipeline/Terrain/Lit (Base Pass)' - All subshaders removed
WARNING: Shader Did you use #pragma only_renderers and omit this platform?
WARNING: Shader If subshaders removal was intentional, you may have forgotten turning Fallback off?
WARNING: Shader Unsupported: 'Hidden/Universal Render Pipeline/Terrain/Lit (Base Pass)' - All subshaders removed
WARNING: Shader Did you use #pragma only_renderers and omit this platform?
WARNING: Shader If subshaders removal was intentional, you may have forgotten turning Fallback off?
WARNING: Shader Unsupported: 'Universal Render Pipeline/Terrain/Lit' - All subshaders removed
WARNING: Shader Did you use #pragma only_renderers and omit this platform?
WARNING: Shader If subshaders removal was intentional, you may have forgotten turning Fallback off?
WARNING: Shader Unsupported: 'Universal Render Pipeline/Terrain/Lit' - All subshaders removed
WARNING: Shader Did you use #pragma only_renderers and omit this platform?
WARNING: Shader If subshaders removal was intentional, you may have forgotten turning Fallback off?
Refreshing native plugins compatible for Editor in 3.66 ms, found 4 plugins.
Preloading 0 native plugins for Editor in 0.00 ms.
Unloading 47 Unused Serialized files (Serialized files now loaded: 0)
Unloading 9197 unused Assets / (7.5 MB). Loaded Objects now: 9908.
Memory consumption went from 172.2 MB to 164.7 MB.
Total: 25.713900 ms (FindLiveObjects: 2.242100 ms CreateObjectMapping: 2.127700 ms MarkObjects: 14.167600 ms  DeleteObjects: 7.173900 ms)

Prepare: number of updated asset objects reloaded= 0
========================================================================
Received Prepare
WARNING: Shader Unsupported: 'Hidden/Universal Render Pipeline/Terrain/Lit (Base Pass)' - All subshaders removed
WARNING: Shader Did you use #pragma only_renderers and omit this platform?
WARNING: Shader If subshaders removal was intentional, you may have forgotten turning Fallback off?
WARNING: Shader Unsupported: 'Hidden/Universal Render Pipeline/Terrain/Lit (Base Pass)' - All subshaders removed
WARNING: Shader Did you use #pragma only_renderers and omit this platform?
WARNING: Shader If subshaders removal was intentional, you may have forgotten turning Fallback off?
WARNING: Shader Unsupported: 'Universal Render Pipeline/Terrain/Lit' - All subshaders removed
WARNING: Shader Did you use #pragma only_renderers and omit this platform?
WARNING: Shader If subshaders removal was intentional, you may have forgotten turning Fallback off?
WARNING: Shader Unsupported: 'Universal Render Pipeline/Terrain/Lit' - All subshaders removed
WARNING: Shader Did you use #pragma only_renderers and omit this platform?
WARNING: Shader If subshaders removal was intentional, you may have forgotten turning Fallback off?
Refreshing native plugins compatible for Editor in 4.47 ms, found 4 plugins.
Preloading 0 native plugins for Editor in 0.00 ms.
Unloading 47 Unused Serialized files (Serialized files now loaded: 0)
Unloading 9197 unused Assets / (7.5 MB). Loaded Objects now: 9908.
Memory consumption went from 172.3 MB to 164.8 MB.
Total: 30.871500 ms (FindLiveObjects: 1.548900 ms CreateObjectMapping: 1.947900 ms MarkObjects: 20.937800 ms  DeleteObjects: 6.433400 ms)

Prepare: number of updated asset objects reloaded= 0
========================================================================
Received Prepare
WARNING: Shader Unsupported: 'Hidden/Universal Render Pipeline/Terrain/Lit (Base Pass)' - All subshaders removed
WARNING: Shader Did you use #pragma only_renderers and omit this platform?
WARNING: Shader If subshaders removal was intentional, you may have forgotten turning Fallback off?
WARNING: Shader Unsupported: 'Hidden/Universal Render Pipeline/Terrain/Lit (Base Pass)' - All subshaders removed
WARNING: Shader Did you use #pragma only_renderers and omit this platform?
WARNING: Shader If subshaders removal was intentional, you may have forgotten turning Fallback off?
WARNING: Shader Unsupported: 'Universal Render Pipeline/Terrain/Lit' - All subshaders removed
WARNING: Shader Did you use #pragma only_renderers and omit this platform?
WARNING: Shader If subshaders removal was intentional, you may have forgotten turning Fallback off?
WARNING: Shader Unsupported: 'Universal Render Pipeline/Terrain/Lit' - All subshaders removed
WARNING: Shader Did you use #pragma only_renderers and omit this platform?
WARNING: Shader If subshaders removal was intentional, you may have forgotten turning Fallback off?
Refreshing native plugins compatible for Editor in 4.33 ms, found 4 plugins.
Preloading 0 native plugins for Editor in 0.00 ms.
Unloading 47 Unused Serialized files (Serialized files now loaded: 0)
Unloading 9197 unused Assets / (8.1 MB). Loaded Objects now: 9908.
Memory consumption went from 172.3 MB to 164.2 MB.
Total: 28.649400 ms (FindLiveObjects: 2.266200 ms CreateObjectMapping: 2.055500 ms MarkObjects: 16.204400 ms  DeleteObjects: 8.119200 ms)

Prepare: number of updated asset objects reloaded= 0
========================================================================
Received Prepare
WARNING: Shader Unsupported: 'Hidden/Universal Render Pipeline/Terrain/Lit (Base Pass)' - All subshaders removed
WARNING: Shader Did you use #pragma only_renderers and omit this platform?
WARNING: Shader If subshaders removal was intentional, you may have forgotten turning Fallback off?
WARNING: Shader Unsupported: 'Hidden/Universal Render Pipeline/Terrain/Lit (Base Pass)' - All subshaders removed
WARNING: Shader Did you use #pragma only_renderers and omit this platform?
WARNING: Shader If subshaders removal was intentional, you may have forgotten turning Fallback off?
WARNING: Shader Unsupported: 'Universal Render Pipeline/Terrain/Lit' - All subshaders removed
WARNING: Shader Did you use #pragma only_renderers and omit this platform?
WARNING: Shader If subshaders removal was intentional, you may have forgotten turning Fallback off?
WARNING: Shader Unsupported: 'Universal Render Pipeline/Terrain/Lit' - All subshaders removed
WARNING: Shader Did you use #pragma only_renderers and omit this platform?
WARNING: Shader If subshaders removal was intentional, you may have forgotten turning Fallback off?
Refreshing native plugins compatible for Editor in 6.61 ms, found 4 plugins.
Preloading 0 native plugins for Editor in 0.00 ms.
Unloading 47 Unused Serialized files (Serialized files now loaded: 0)
Unloading 9197 unused Assets / (8.1 MB). Loaded Objects now: 9908.
Memory consumption went from 172.3 MB to 164.1 MB.
Total: 39.653700 ms (FindLiveObjects: 3.879700 ms CreateObjectMapping: 2.066400 ms MarkObjects: 23.368000 ms  DeleteObjects: 10.334500 ms)

Prepare: number of updated asset objects reloaded= 0
========================================================================
Received Prepare
WARNING: Shader Unsupported: 'Hidden/Universal Render Pipeline/Terrain/Lit (Base Pass)' - All subshaders removed
WARNING: Shader Did you use #pragma only_renderers and omit this platform?
WARNING: Shader If subshaders removal was intentional, you may have forgotten turning Fallback off?
WARNING: Shader Unsupported: 'Hidden/Universal Render Pipeline/Terrain/Lit (Base Pass)' - All subshaders removed
WARNING: Shader Did you use #pragma only_renderers and omit this platform?
WARNING: Shader If subshaders removal was intentional, you may have forgotten turning Fallback off?
WARNING: Shader Unsupported: 'Universal Render Pipeline/Terrain/Lit' - All subshaders removed
WARNING: Shader Did you use #pragma only_renderers and omit this platform?
WARNING: Shader If subshaders removal was intentional, you may have forgotten turning Fallback off?
WARNING: Shader Unsupported: 'Universal Render Pipeline/Terrain/Lit' - All subshaders removed
WARNING: Shader Did you use #pragma only_renderers and omit this platform?
WARNING: Shader If subshaders removal was intentional, you may have forgotten turning Fallback off?
Refreshing native plugins compatible for Editor in 5.45 ms, found 4 plugins.
Preloading 0 native plugins for Editor in 0.00 ms.
Unloading 47 Unused Serialized files (Serialized files now loaded: 0)
Unloading 9197 unused Assets / (7.8 MB). Loaded Objects now: 9908.
Memory consumption went from 172.3 MB to 164.4 MB.
Total: 24.675600 ms (FindLiveObjects: 1.240300 ms CreateObjectMapping: 1.375600 ms MarkObjects: 14.777700 ms  DeleteObjects: 7.279200 ms)

Prepare: number of updated asset objects reloaded= 0
========================================================================
Received Prepare
WARNING: Shader Unsupported: 'Hidden/Universal Render Pipeline/Terrain/Lit (Base Pass)' - All subshaders removed
WARNING: Shader Did you use #pragma only_renderers and omit this platform?
WARNING: Shader If subshaders removal was intentional, you may have forgotten turning Fallback off?
WARNING: Shader Unsupported: 'Hidden/Universal Render Pipeline/Terrain/Lit (Base Pass)' - All subshaders removed
WARNING: Shader Did you use #pragma only_renderers and omit this platform?
WARNING: Shader If subshaders removal was intentional, you may have forgotten turning Fallback off?
WARNING: Shader Unsupported: 'Universal Render Pipeline/Terrain/Lit' - All subshaders removed
WARNING: Shader Did you use #pragma only_renderers and omit this platform?
WARNING: Shader If subshaders removal was intentional, you may have forgotten turning Fallback off?
WARNING: Shader Unsupported: 'Universal Render Pipeline/Terrain/Lit' - All subshaders removed
WARNING: Shader Did you use #pragma only_renderers and omit this platform?
WARNING: Shader If subshaders removal was intentional, you may have forgotten turning Fallback off?
Refreshing native plugins compatible for Editor in 4.73 ms, found 4 plugins.
Preloading 0 native plugins for Editor in 0.00 ms.
Unloading 47 Unused Serialized files (Serialized files now loaded: 0)
Unloading 9197 unused Assets / (7.2 MB). Loaded Objects now: 9908.
Memory consumption went from 172.2 MB to 165.0 MB.
Total: 27.514100 ms (FindLiveObjects: 2.189500 ms CreateObjectMapping: 1.852500 ms MarkObjects: 16.291000 ms  DeleteObjects: 7.178100 ms)

Prepare: number of updated asset objects reloaded= 0
========================================================================
Received Prepare
WARNING: Shader Unsupported: 'Hidden/Universal Render Pipeline/Terrain/Lit (Base Pass)' - All subshaders removed
WARNING: Shader Did you use #pragma only_renderers and omit this platform?
WARNING: Shader If subshaders removal was intentional, you may have forgotten turning Fallback off?
WARNING: Shader Unsupported: 'Hidden/Universal Render Pipeline/Terrain/Lit (Base Pass)' - All subshaders removed
WARNING: Shader Did you use #pragma only_renderers and omit this platform?
WARNING: Shader If subshaders removal was intentional, you may have forgotten turning Fallback off?
WARNING: Shader Unsupported: 'Universal Render Pipeline/Terrain/Lit' - All subshaders removed
WARNING: Shader Did you use #pragma only_renderers and omit this platform?
WARNING: Shader If subshaders removal was intentional, you may have forgotten turning Fallback off?
WARNING: Shader Unsupported: 'Universal Render Pipeline/Terrain/Lit' - All subshaders removed
WARNING: Shader Did you use #pragma only_renderers and omit this platform?
WARNING: Shader If subshaders removal was intentional, you may have forgotten turning Fallback off?
Refreshing native plugins compatible for Editor in 4.34 ms, found 4 plugins.
Preloading 0 native plugins for Editor in 0.00 ms.
Unloading 47 Unused Serialized files (Serialized files now loaded: 0)
Unloading 9197 unused Assets / (7.6 MB). Loaded Objects now: 9908.
Memory consumption went from 172.3 MB to 164.7 MB.
Total: 23.614700 ms (FindLiveObjects: 2.287200 ms CreateObjectMapping: 1.328400 ms MarkObjects: 13.751800 ms  DeleteObjects: 6.244600 ms)

Prepare: number of updated asset objects reloaded= 0
========================================================================
Received Prepare
WARNING: Shader Unsupported: 'Hidden/Universal Render Pipeline/Terrain/Lit (Base Pass)' - All subshaders removed
WARNING: Shader Did you use #pragma only_renderers and omit this platform?
WARNING: Shader If subshaders removal was intentional, you may have forgotten turning Fallback off?
WARNING: Shader Unsupported: 'Hidden/Universal Render Pipeline/Terrain/Lit (Base Pass)' - All subshaders removed
WARNING: Shader Did you use #pragma only_renderers and omit this platform?
WARNING: Shader If subshaders removal was intentional, you may have forgotten turning Fallback off?
WARNING: Shader Unsupported: 'Universal Render Pipeline/Terrain/Lit' - All subshaders removed
WARNING: Shader Did you use #pragma only_renderers and omit this platform?
WARNING: Shader If subshaders removal was intentional, you may have forgotten turning Fallback off?
WARNING: Shader Unsupported: 'Universal Render Pipeline/Terrain/Lit' - All subshaders removed
WARNING: Shader Did you use #pragma only_renderers and omit this platform?
WARNING: Shader If subshaders removal was intentional, you may have forgotten turning Fallback off?
Refreshing native plugins compatible for Editor in 6.20 ms, found 4 plugins.
Preloading 0 native plugins for Editor in 0.00 ms.
Unloading 47 Unused Serialized files (Serialized files now loaded: 0)
Unloading 9197 unused Assets / (7.6 MB). Loaded Objects now: 9908.
Memory consumption went from 172.3 MB to 164.7 MB.
Total: 23.248500 ms (FindLiveObjects: 1.190000 ms CreateObjectMapping: 1.360900 ms MarkObjects: 14.430100 ms  DeleteObjects: 6.265000 ms)

Prepare: number of updated asset objects reloaded= 0
========================================================================
Received Prepare
WARNING: Shader Unsupported: 'Hidden/Universal Render Pipeline/Terrain/Lit (Base Pass)' - All subshaders removed
WARNING: Shader Did you use #pragma only_renderers and omit this platform?
WARNING: Shader If subshaders removal was intentional, you may have forgotten turning Fallback off?
WARNING: Shader Unsupported: 'Hidden/Universal Render Pipeline/Terrain/Lit (Base Pass)' - All subshaders removed
WARNING: Shader Did you use #pragma only_renderers and omit this platform?
WARNING: Shader If subshaders removal was intentional, you may have forgotten turning Fallback off?
WARNING: Shader Unsupported: 'Universal Render Pipeline/Terrain/Lit' - All subshaders removed
WARNING: Shader Did you use #pragma only_renderers and omit this platform?
WARNING: Shader If subshaders removal was intentional, you may have forgotten turning Fallback off?
WARNING: Shader Unsupported: 'Universal Render Pipeline/Terrain/Lit' - All subshaders removed
WARNING: Shader Did you use #pragma only_renderers and omit this platform?
WARNING: Shader If subshaders removal was intentional, you may have forgotten turning Fallback off?
Refreshing native plugins compatible for Editor in 5.07 ms, found 4 plugins.
Preloading 0 native plugins for Editor in 0.00 ms.
Unloading 47 Unused Serialized files (Serialized files now loaded: 0)
Unloading 9197 unused Assets / (8.0 MB). Loaded Objects now: 9908.
Memory consumption went from 172.2 MB to 164.2 MB.
Total: 27.712600 ms (FindLiveObjects: 2.295200 ms CreateObjectMapping: 1.137500 ms MarkObjects: 15.967800 ms  DeleteObjects: 8.309200 ms)

Prepare: number of updated asset objects reloaded= 0
========================================================================
Received Prepare
WARNING: Shader Unsupported: 'Hidden/Universal Render Pipeline/Terrain/Lit (Base Pass)' - All subshaders removed
WARNING: Shader Did you use #pragma only_renderers and omit this platform?
WARNING: Shader If subshaders removal was intentional, you may have forgotten turning Fallback off?
WARNING: Shader Unsupported: 'Hidden/Universal Render Pipeline/Terrain/Lit (Base Pass)' - All subshaders removed
WARNING: Shader Did you use #pragma only_renderers and omit this platform?
WARNING: Shader If subshaders removal was intentional, you may have forgotten turning Fallback off?
WARNING: Shader Unsupported: 'Universal Render Pipeline/Terrain/Lit' - All subshaders removed
WARNING: Shader Did you use #pragma only_renderers and omit this platform?
WARNING: Shader If subshaders removal was intentional, you may have forgotten turning Fallback off?
WARNING: Shader Unsupported: 'Universal Render Pipeline/Terrain/Lit' - All subshaders removed
WARNING: Shader Did you use #pragma only_renderers and omit this platform?
WARNING: Shader If subshaders removal was intentional, you may have forgotten turning Fallback off?
Refreshing native plugins compatible for Editor in 3.89 ms, found 4 plugins.
Preloading 0 native plugins for Editor in 0.00 ms.
Unloading 47 Unused Serialized files (Serialized files now loaded: 0)
Unloading 9197 unused Assets / (7.6 MB). Loaded Objects now: 9908.
Memory consumption went from 172.3 MB to 164.6 MB.
Total: 24.889500 ms (FindLiveObjects: 1.414000 ms CreateObjectMapping: 1.868600 ms MarkObjects: 14.735400 ms  DeleteObjects: 6.868500 ms)

Prepare: number of updated asset objects reloaded= 0
========================================================================
Received Import Request.
  Time since last request: 46.355204 seconds.
  path: Assets/scripts/NetworkManager.cs
  artifactKey: Guid(140012f608eb84810ad183fd2fb88682) Importer(2089858483,b0f066a214c2f5e87bad3c948f4d605d)
Start importing Assets/scripts/NetworkManager.cs using Guid(140012f608eb84810ad183fd2fb88682) Importer(2089858483,b0f066a214c2f5e87bad3c948f4d605d) (ScriptedImporter) -> (artifact id: '0d61f9cc99239ff5dc1c8fd95a842c1a') in 0.5636579 seconds
Number of updated asset objects reloaded before import = 0Number of asset objects unloaded after import = 0

========================================================================
Received Import Request.
  Time since last request: 0.000050 seconds.
  path: Assets/scripts/PlayerController.cs
  artifactKey: Guid(e04986495743e487da8084fc30bc67bc) Importer(2089858483,b0f066a214c2f5e87bad3c948f4d605d)
Start importing Assets/scripts/PlayerController.cs using Guid(e04986495743e487da8084fc30bc67bc) Importer(2089858483,b0f066a214c2f5e87bad3c948f4d605d) (ScriptedImporter) -> (artifact id: '31b11a0def9a9777fe241d41ecb50458') in 0.0321341 seconds
Number of updated asset objects reloaded before import = 0Number of asset objects unloaded after import = 0

========================================================================
Received Prepare
Begin MonoManager ReloadAssembly
[Licensing::Client] Successfully resolved entitlement details
Symbol file LoadedFromMemory is not a mono symbol file
- Loaded All Assemblies, in  2.070 seconds
Refreshing native plugins compatible for Editor in 2.86 ms, found 4 plugins.
Native extension for iOS target not found
Native extension for Android target not found
Native extension for UWP target not found
Native extension for WindowsStandalone target not found
Native extension for WebGL target not found
[Package Manager] Failed to launch server process. Reason: Unity was launched with the -noUpm command-line argument
[Package Manager] Unable to send message (not connected to server process).
[Package Manager] Cannot connect to Unity Package Manager local server
[Package Manager] Failed to launch server process. Reason: Unity was launched with the -noUpm command-line argument
[Package Manager] Unable to send message (not connected to server process).
[Package Manager] Cannot connect to Unity Package Manager local server
Mono: successfully reloaded assembly
- Finished resetting the current domain, in  1.696 seconds
Domain Reload Profiling: 3773ms
	BeginReloadAssembly (503ms)
		ExecutionOrderSort (0ms)
		DisableScriptedObjects (35ms)
		BackupInstance (0ms)
		ReleaseScriptingObjects (0ms)
		CreateAndSetChildDomain (160ms)
	RebuildCommonClasses (69ms)
	RebuildNativeTypeToScriptingClass (24ms)
	initialDomainReloadingComplete (60ms)
	LoadAllAssembliesAndSetupDomain (1421ms)
		LoadAssemblies (999ms)
		RebuildTransferFunctionScriptingTraits (0ms)
		AnalyzeDomain (629ms)
			TypeCache.Refresh (28ms)
				TypeCache.ScanAssembly (2ms)
			BuildScriptInfoCaches (550ms)
			ResolveRequiredComponents (35ms)
	FinalizeReload (1696ms)
		ReleaseScriptCaches (0ms)
		RebuildScriptCaches (0ms)
		SetupLoadedEditorAssemblies (1366ms)
			LogAssemblyErrors (0ms)
			InitializePlatformSupportModulesInManaged (44ms)
			SetLoadedEditorAssemblies (10ms)
			BeforeProcessingInitializeOnLoad (440ms)
			ProcessInitializeOnLoadAttributes (611ms)
			ProcessInitializeOnLoadMethodAttributes (253ms)
			AfterProcessingInitializeOnLoad (7ms)
			EditorAssembliesLoaded (1ms)
		ExecutionOrderSort2 (0ms)
		AwakeInstancesAfterBackupRestoration (16ms)
WARNING: Shader Unsupported: 'Hidden/Universal Render Pipeline/Terrain/Lit (Base Pass)' - All subshaders removed
WARNING: Shader Did you use #pragma only_renderers and omit this platform?
WARNING: Shader If subshaders removal was intentional, you may have forgotten turning Fallback off?
WARNING: Shader Unsupported: 'Hidden/Universal Render Pipeline/Terrain/Lit (Base Pass)' - All subshaders removed
WARNING: Shader Did you use #pragma only_renderers and omit this platform?
WARNING: Shader If subshaders removal was intentional, you may have forgotten turning Fallback off?
WARNING: Shader Unsupported: 'Universal Render Pipeline/Terrain/Lit' - All subshaders removed
WARNING: Shader Did you use #pragma only_renderers and omit this platform?
WARNING: Shader If subshaders removal was intentional, you may have forgotten turning Fallback off?
WARNING: Shader Unsupported: 'Universal Render Pipeline/Terrain/Lit' - All subshaders removed
WARNING: Shader Did you use #pragma only_renderers and omit this platform?
WARNING: Shader If subshaders removal was intentional, you may have forgotten turning Fallback off?
Refreshing native plugins compatible for Editor in 4.14 ms, found 4 plugins.
Preloading 0 native plugins for Editor in 0.00 ms.
Unloading 47 Unused Serialized files (Serialized files now loaded: 0)
Unloading 9211 unused Assets / (8.1 MB). Loaded Objects now: 9914.
Memory consumption went from 174.0 MB to 165.9 MB.
Total: 34.660100 ms (FindLiveObjects: 3.194500 ms CreateObjectMapping: 2.048100 ms MarkObjects: 19.429700 ms  DeleteObjects: 9.983500 ms)

Prepare: number of updated asset objects reloaded= 0
========================================================================
Received Import Request.
  Time since last request: 55.316691 seconds.
  path: Assets/Prefabs/knight_metal_death(1).prefab
  artifactKey: Guid(798a6396cbec6cc4bbf4c6447558fad6) Importer(2089858483,b0f066a214c2f5e87bad3c948f4d605d)
Start importing Assets/Prefabs/knight_metal_death(1).prefab using Guid(798a6396cbec6cc4bbf4c6447558fad6) Importer(2089858483,b0f066a214c2f5e87bad3c948f4d605d) (ScriptedImporter) -> (artifact id: 'af603096891965f55b2186d5a84a1c46') in 0.2811205 seconds
Number of updated asset objects reloaded before import = 0Number of asset objects unloaded after import = 10

========================================================================
Received Import Request.
  Time since last request: 13.436225 seconds.
  path: Assets/2D Platformer/2D Assets/player2/death
  artifactKey: Guid(9bf3859e198c9463696f6fd1a9921dfb) Importer(2089858483,b0f066a214c2f5e87bad3c948f4d605d)
Start importing Assets/2D Platformer/2D Assets/player2/death using Guid(9bf3859e198c9463696f6fd1a9921dfb) Importer(2089858483,b0f066a214c2f5e87bad3c948f4d605d) (ScriptedImporter) -> (artifact id: 'edd6dccb054fbe9584634069530f4c33') in 0.048519 seconds
Number of updated asset objects reloaded before import = 0Number of asset objects unloaded after import = 1

========================================================================
Received Import Request.
  Time since last request: 0.000151 seconds.
  path: Assets/2D Platformer/2D Assets/coin/coin(6).png
  artifactKey: Guid(abd3e4b08db3bc146b7392327ed71991) Importer(2089858483,b0f066a214c2f5e87bad3c948f4d605d)
Start importing Assets/2D Platformer/2D Assets/coin/coin(6).png using Guid(abd3e4b08db3bc146b7392327ed71991) Importer(2089858483,b0f066a214c2f5e87bad3c948f4d605d) (ScriptedImporter)[Licensing::Client] Successfully resolved entitlement details
[Licensing::Client] Successfully resolved entitlement details
[Licensing::Client] Successfully resolved entitlement details
 -> (artifact id: '7c7e46e53648deabe220d152636818bd') in 0.1105867 seconds
Number of updated asset objects reloaded before import = 0Number of asset objects unloaded after import = 3

========================================================================
Received Import Request.
  Time since last request: 0.000037 seconds.
  path: Assets/2D Platformer/2D Assets/platform(2).png
  artifactKey: Guid(4debc1c761574074d9b030ac59e34435) Importer(2089858483,b0f066a214c2f5e87bad3c948f4d605d)
Start importing Assets/2D Platformer/2D Assets/platform(2).png using Guid(4debc1c761574074d9b030ac59e34435) Importer(2089858483,b0f066a214c2f5e87bad3c948f4d605d) (ScriptedImporter) -> (artifact id: 'dc76446ad323b90e11a437e90f60a209') in 0.0347672 seconds
Number of updated asset objects reloaded before import = 0Number of asset objects unloaded after import = 3

========================================================================
Received Import Request.
  Time since last request: 0.000038 seconds.
  path: Assets/2D Platformer/2D Assets/player3/run/run(2).png
  artifactKey: Guid(57e66e58c11a94d44a0f0c1592a6c95c) Importer(2089858483,b0f066a214c2f5e87bad3c948f4d605d)
Start importing Assets/2D Platformer/2D Assets/player3/run/run(2).png using Guid(57e66e58c11a94d44a0f0c1592a6c95c) Importer(2089858483,b0f066a214c2f5e87bad3c948f4d605d) (ScriptedImporter) -> (artifact id: '914534d5d61e64fc14e951bbe205bbe9') in 0.056931 seconds
Number of updated asset objects reloaded before import = 0Number of asset objects unloaded after import = 3

========================================================================
Received Import Request.
  Time since last request: 0.000026 seconds.
  path: Assets/2D Platformer/2D Assets/player/death
  artifactKey: Guid(d990b0d48c7675746ad1fd035009213b) Importer(2089858483,b0f066a214c2f5e87bad3c948f4d605d)
Start importing Assets/2D Platformer/2D Assets/player/death using Guid(d990b0d48c7675746ad1fd035009213b) Importer(2089858483,b0f066a214c2f5e87bad3c948f4d605d) (ScriptedImporter) -> (artifact id: '4c61acc67aa1634a1c19c042bc1c1a55') in 0.0220183 seconds
Number of updated asset objects reloaded before import = 0Number of asset objects unloaded after import = 1

========================================================================
Received Import Request.
  Time since last request: 0.000119 seconds.
  path: Assets/2D Platformer/2D Assets/player3
  artifactKey: Guid(2fa9da2b0002445eaad1184325d212fd) Importer(2089858483,b0f066a214c2f5e87bad3c948f4d605d)
Start importing Assets/2D Platformer/2D Assets/player3 using Guid(2fa9da2b0002445eaad1184325d212fd) Importer(2089858483,b0f066a214c2f5e87bad3c948f4d605d) (ScriptedImporter) -> (artifact id: 'c745ec41109840b2b151864fc09231a5') in 0.0239894 seconds
Number of updated asset objects reloaded before import = 0Number of asset objects unloaded after import = 1

========================================================================
Received Import Request.
  Time since last request: 0.000088 seconds.
  path: Assets/2D Platformer/2D Assets/player2/run/run(2).png
  artifactKey: Guid(bb84801303952402c887861d20b8d3f1) Importer(2089858483,b0f066a214c2f5e87bad3c948f4d605d)
Start importing Assets/2D Platformer/2D Assets/player2/run/run(2).png using Guid(bb84801303952402c887861d20b8d3f1) Importer(2089858483,b0f066a214c2f5e87bad3c948f4d605d) (ScriptedImporter) -> (artifact id: '7ae97fd1ad6cd1dee0107c6243bda368') in 0.0526497 seconds
Number of updated asset objects reloaded before import = 0Number of asset objects unloaded after import = 3

========================================================================
Received Import Request.
  Time since last request: 0.000030 seconds.
  path: Assets/2D Platformer/2D Assets/player/idle/idle(1).png
  artifactKey: Guid(2203aafcd9bac493c971138754b91a43) Importer(2089858483,b0f066a214c2f5e87bad3c948f4d605d)
Start importing Assets/2D Platformer/2D Assets/player/idle/idle(1).png using Guid(2203aafcd9bac493c971138754b91a43) Importer(2089858483,b0f066a214c2f5e87bad3c948f4d605d) (ScriptedImporter) -> (artifact id: '62fb1d328343c63a3c195e7acd7e1ca6') in 0.05358 seconds
Number of updated asset objects reloaded before import = 0Number of asset objects unloaded after import = 3

========================================================================
Received Import Request.
  Time since last request: 0.000041 seconds.
  path: Assets/2D Platformer/2D Assets/TilePalette/ground(4).asset
  artifactKey: Guid(539df89d27d1f724aa8fe3605864480a) Importer(2089858483,b0f066a214c2f5e87bad3c948f4d605d)
Start importing Assets/2D Platformer/2D Assets/TilePalette/ground(4).asset using Guid(539df89d27d1f724aa8fe3605864480a) Importer(2089858483,b0f066a214c2f5e87bad3c948f4d605d) (ScriptedImporter) -> (artifact id: 'b3125f16938155ababea818e6559f7c4') in 0.0437237 seconds
Number of updated asset objects reloaded before import = 0Number of asset objects unloaded after import = 2

========================================================================
Received Import Request.
  Time since last request: 0.000021 seconds.
  path: Assets/2D Platformer/2D Assets/enemy/enemy_idle(2).png
  artifactKey: Guid(5111ca53d14fe0c41b98ffeb4a1ccbae) Importer(2089858483,b0f066a214c2f5e87bad3c948f4d605d)
Start importing Assets/2D Platformer/2D Assets/enemy/enemy_idle(2).png using Guid(5111ca53d14fe0c41b98ffeb4a1ccbae) Importer(2089858483,b0f066a214c2f5e87bad3c948f4d605d) (ScriptedImporter) -> (artifact id: '3dba50e0ae6bcad34d94bcdd79050cb2') in 0.035001 seconds
Number of updated asset objects reloaded before import = 0Number of asset objects unloaded after import = 3

========================================================================
Received Import Request.
  Time since last request: 0.000035 seconds.
  path: Assets/2D Platformer/2D Assets/ground(9).png
  artifactKey: Guid(1f0e510532207154c9d8616c23555ee2) Importer(2089858483,b0f066a214c2f5e87bad3c948f4d605d)
Start importing Assets/2D Platformer/2D Assets/ground(9).png using Guid(1f0e510532207154c9d8616c23555ee2) Importer(2089858483,b0f066a214c2f5e87bad3c948f4d605d) (ScriptedImporter) -> (artifact id: '28ef23cf80fb9464a00ea90d125ee75d') in 0.0336652 seconds
Number of updated asset objects reloaded before import = 0Number of asset objects unloaded after import = 3

========================================================================
Received Import Request.
  Time since last request: 0.000029 seconds.
  path: Assets/2D Platformer/2D Assets/TilePalette/ground(8).asset
  artifactKey: Guid(b44ec342d97d39f4e8731a2a8fe55119) Importer(2089858483,b0f066a214c2f5e87bad3c948f4d605d)
Start importing Assets/2D Platformer/2D Assets/TilePalette/ground(8).asset using Guid(b44ec342d97d39f4e8731a2a8fe55119) Importer(2089858483,b0f066a214c2f5e87bad3c948f4d605d) (ScriptedImporter) -> (artifact id: '979f334113f95745661a9950f20e119c') in 0.0258755 seconds
Number of updated asset objects reloaded before import = 0Number of asset objects unloaded after import = 2

========================================================================
Received Import Request.
  Time since last request: 0.000121 seconds.
  path: Assets/2D Platformer/2D Assets/player/death/knight_metal_death(1)_upscayl_4x_upscayl-standard-4x.png
  artifactKey: Guid(0c70daea299e250488c0b373c2d8c7f7) Importer(2089858483,b0f066a214c2f5e87bad3c948f4d605d)
Start importing Assets/2D Platformer/2D Assets/player/death/knight_metal_death(1)_upscayl_4x_upscayl-standard-4x.png using Guid(0c70daea299e250488c0b373c2d8c7f7) Importer(2089858483,b0f066a214c2f5e87bad3c948f4d605d) (ScriptedImporter) -> (artifact id: '07b48a933cb28769639f1e55b345b686') in 0.0483735 seconds
Number of updated asset objects reloaded before import = 0Number of asset objects unloaded after import = 3

========================================================================
Received Import Request.
  Time since last request: 0.000051 seconds.
  path: Assets/2D Platformer/2D Assets/coin/coin(4).png
  artifactKey: Guid(7aacad2106cbaf04f814fe0170b85a7e) Importer(2089858483,b0f066a214c2f5e87bad3c948f4d605d)
Start importing Assets/2D Platformer/2D Assets/coin/coin(4).png using Guid(7aacad2106cbaf04f814fe0170b85a7e) Importer(2089858483,b0f066a214c2f5e87bad3c948f4d605d) (ScriptedImporter) -> (artifact id: '0ec7243491002cd64feeb4185ef31dd1') in 0.035246 seconds
Number of updated asset objects reloaded before import = 0Number of asset objects unloaded after import = 3

========================================================================
Received Import Request.
  Time since last request: 0.000043 seconds.
  path: Assets/2D Platformer/2D Assets/coin/coin(5).png
  artifactKey: Guid(0d9bb05d8336b9a429dc599212636fba) Importer(2089858483,b0f066a214c2f5e87bad3c948f4d605d)
Start importing Assets/2D Platformer/2D Assets/coin/coin(5).png using Guid(0d9bb05d8336b9a429dc599212636fba) Importer(2089858483,b0f066a214c2f5e87bad3c948f4d605d) (ScriptedImporter) -> (artifact id: '5e7c6d2c9bed1e57bc0a363e85313789') in 0.0361114 seconds
Number of updated asset objects reloaded before import = 0Number of asset objects unloaded after import = 3

========================================================================
Received Import Request.
  Time since last request: 0.000038 seconds.
  path: Assets/2D Platformer/2D Assets/TilePalette/ground(3).asset
  artifactKey: Guid(e7808847ff5696a4ab0fc89fd83e2ca7) Importer(2089858483,b0f066a214c2f5e87bad3c948f4d605d)
Start importing Assets/2D Platformer/2D Assets/TilePalette/ground(3).asset using Guid(e7808847ff5696a4ab0fc89fd83e2ca7) Importer(2089858483,b0f066a214c2f5e87bad3c948f4d605d) (ScriptedImporter) -> (artifact id: '9b1bea42324c867ac1c2fcd7e44e9d94') in 0.0267305 seconds
Number of updated asset objects reloaded before import = 0Number of asset objects unloaded after import = 2

========================================================================
Received Import Request.
  Time since last request: 0.000034 seconds.
  path: Assets/2D Platformer/2D Assets/TilePalette/ground(6).asset
  artifactKey: Guid(b959b56cb8ff1844fa39e0d22a260990) Importer(2089858483,b0f066a214c2f5e87bad3c948f4d605d)
Start importing Assets/2D Platformer/2D Assets/TilePalette/ground(6).asset using Guid(b959b56cb8ff1844fa39e0d22a260990) Importer(2089858483,b0f066a214c2f5e87bad3c948f4d605d) (ScriptedImporter) -> (artifact id: '4567945da61bcc8c28072f0624687066') in 0.0295561 seconds
Number of updated asset objects reloaded before import = 0Number of asset objects unloaded after import = 2

========================================================================
Received Import Request.
  Time since last request: 1.608968 seconds.
  path: Assets/2D Assets/player2/death
  artifactKey: Guid(9bf3859e198c9463696f6fd1a9921dfb) Importer(2089858483,b0f066a214c2f5e87bad3c948f4d605d)
Start importing Assets/2D Assets/player2/death using Guid(9bf3859e198c9463696f6fd1a9921dfb) Importer(2089858483,b0f066a214c2f5e87bad3c948f4d605d) (ScriptedImporter) -> (artifact id: 'fac95a1ed590e5da8c412d1cfe743516') in 0.0376842 seconds
Number of updated asset objects reloaded before import = 0Number of asset objects unloaded after import = 1

========================================================================
Received Import Request.
  Time since last request: 0.000242 seconds.
  path: Assets/2D Assets/TilePalette/ground(2).asset
  artifactKey: Guid(cb6b50376505c9d4d857b4507a64510c) Importer(2089858483,b0f066a214c2f5e87bad3c948f4d605d)
Start importing Assets/2D Assets/TilePalette/ground(2).asset using Guid(cb6b50376505c9d4d857b4507a64510c) Importer(2089858483,b0f066a214c2f5e87bad3c948f4d605d) (ScriptedImporter) -> (artifact id: '81f54c567279bda46eddeb2c8a0f5000') in 0.0276535 seconds
Number of updated asset objects reloaded before import = 0Number of asset objects unloaded after import = 2

========================================================================
Received Import Request.
  Time since last request: 0.000023 seconds.
  path: Assets/2D Assets/player3/idle/idle(3).png
  artifactKey: Guid(09652d121f25341e4b4f8d4d3396bbaf) Importer(2089858483,b0f066a214c2f5e87bad3c948f4d605d)
Start importing Assets/2D Assets/player3/idle/idle(3).png using Guid(09652d121f25341e4b4f8d4d3396bbaf) Importer(2089858483,b0f066a214c2f5e87bad3c948f4d605d) (ScriptedImporter) -> (artifact id: 'f0ef6ad0b6505f4e269d385acc8b8cc1') in 0.0337371 seconds
Number of updated asset objects reloaded before import = 0Number of asset objects unloaded after import = 3

========================================================================
Received Import Request.
  Time since last request: 0.000088 seconds.
  path: Assets/2D Assets/player3/run/run(2).png
  artifactKey: Guid(57e66e58c11a94d44a0f0c1592a6c95c) Importer(2089858483,b0f066a214c2f5e87bad3c948f4d605d)
Start importing Assets/2D Assets/player3/run/run(2).png using Guid(57e66e58c11a94d44a0f0c1592a6c95c) Importer(2089858483,b0f066a214c2f5e87bad3c948f4d605d) (ScriptedImporter) -> (artifact id: '4643a927863caf8f1821e19322f34109') in 0.0317469 seconds
Number of updated asset objects reloaded before import = 0Number of asset objects unloaded after import = 3

========================================================================
Received Import Request.
  Time since last request: 0.000030 seconds.
  path: Assets/2D Assets/player3/run
  artifactKey: Guid(1205fbed9acf24752aae6743e2e14555) Importer(2089858483,b0f066a214c2f5e87bad3c948f4d605d)
Start importing Assets/2D Assets/player3/run using Guid(1205fbed9acf24752aae6743e2e14555) Importer(2089858483,b0f066a214c2f5e87bad3c948f4d605d) (ScriptedImporter) -> (artifact id: '06e3c69281af5f25d5b30c37c70009af') in 0.0249779 seconds
Number of updated asset objects reloaded before import = 0Number of asset objects unloaded after import = 1

========================================================================
Received Import Request.
  Time since last request: 0.000150 seconds.
  path: Assets/2D Assets/TilePalette/ground(5).asset
  artifactKey: Guid(b243559280fa936499c958fb18fe6573) Importer(2089858483,b0f066a214c2f5e87bad3c948f4d605d)
Start importing Assets/2D Assets/TilePalette/ground(5).asset using Guid(b243559280fa936499c958fb18fe6573) Importer(2089858483,b0f066a214c2f5e87bad3c948f4d605d) (ScriptedImporter) -> (artifact id: '6412eafb704ca15630650bae61023b14') in 0.025484 seconds
Number of updated asset objects reloaded before import = 0Number of asset objects unloaded after import = 2

========================================================================
Received Import Request.
  Time since last request: 0.000024 seconds.
  path: Assets/2D Assets/player2/idle
  artifactKey: Guid(9760b65bf20c84ed5a2575ba790b4143) Importer(2089858483,b0f066a214c2f5e87bad3c948f4d605d)
Start importing Assets/2D Assets/player2/idle using Guid(9760b65bf20c84ed5a2575ba790b4143) Importer(2089858483,b0f066a214c2f5e87bad3c948f4d605d) (ScriptedImporter) -> (artifact id: 'fe252e37b094945978af1f88d0619dbf') in 0.0214853 seconds
Number of updated asset objects reloaded before import = 0Number of asset objects unloaded after import = 1

========================================================================
Received Import Request.
  Time since last request: 0.000200 seconds.
  path: Assets/2D Assets/coin/coin(3).png
  artifactKey: Guid(de0ea4f08363dcd4c8b8ae9a0cd3ee18) Importer(2089858483,b0f066a214c2f5e87bad3c948f4d605d)
Start importing Assets/2D Assets/coin/coin(3).png using Guid(de0ea4f08363dcd4c8b8ae9a0cd3ee18) Importer(2089858483,b0f066a214c2f5e87bad3c948f4d605d) (ScriptedImporter) -> (artifact id: '356a5603544e0692d0218f65f549c4e8') in 0.0305542 seconds
Number of updated asset objects reloaded before import = 0Number of asset objects unloaded after import = 3

========================================================================
Received Import Request.
  Time since last request: 0.000026 seconds.
  path: Assets/2D Assets/player3/jump/jump.png
  artifactKey: Guid(9c87fe5737bc94086bf79e21f0f02256) Importer(2089858483,b0f066a214c2f5e87bad3c948f4d605d)
Start importing Assets/2D Assets/player3/jump/jump.png using Guid(9c87fe5737bc94086bf79e21f0f02256) Importer(2089858483,b0f066a214c2f5e87bad3c948f4d605d) (ScriptedImporter) -> (artifact id: '90b0767e5ee304d291fa39ff7daf5a83') in 0.0291225 seconds
Number of updated asset objects reloaded before import = 0Number of asset objects unloaded after import = 3

========================================================================
Received Import Request.
  Time since last request: 0.000033 seconds.
  path: Assets/2D Assets/ground(4).png
  artifactKey: Guid(b62db2b0e7231ed45b6897aafc8846af) Importer(2089858483,b0f066a214c2f5e87bad3c948f4d605d)
Start importing Assets/2D Assets/ground(4).png using Guid(b62db2b0e7231ed45b6897aafc8846af) Importer(2089858483,b0f066a214c2f5e87bad3c948f4d605d) (ScriptedImporter) -> (artifact id: 'fc66eb92d858f0c20840c9f882404da7') in 0.0329637 seconds
Number of updated asset objects reloaded before import = 0Number of asset objects unloaded after import = 3

========================================================================
Received Import Request.
  Time since last request: 0.000027 seconds.
  path: Assets/2D Assets/ground(6).png
  artifactKey: Guid(eab604754d8a6a445b7469609f989a6e) Importer(2089858483,b0f066a214c2f5e87bad3c948f4d605d)
Start importing Assets/2D Assets/ground(6).png using Guid(eab604754d8a6a445b7469609f989a6e) Importer(2089858483,b0f066a214c2f5e87bad3c948f4d605d) (ScriptedImporter) -> (artifact id: 'c5221b1d87926888f9925d44588c473b') in 0.0289172 seconds
Number of updated asset objects reloaded before import = 0Number of asset objects unloaded after import = 3

========================================================================
Received Import Request.
  Time since last request: 0.000027 seconds.
  path: Assets/2D Assets/player2/run/run(3).png
  artifactKey: Guid(3ed95bb58cd564b23b87b4509251f294) Importer(2089858483,b0f066a214c2f5e87bad3c948f4d605d)
Start importing Assets/2D Assets/player2/run/run(3).png using Guid(3ed95bb58cd564b23b87b4509251f294) Importer(2089858483,b0f066a214c2f5e87bad3c948f4d605d) (ScriptedImporter) -> (artifact id: '0c4282abebb02a7c31f32be02bca24da') in 0.0286385 seconds
Number of updated asset objects reloaded before import = 0Number of asset objects unloaded after import = 3

========================================================================
Received Import Request.
  Time since last request: 0.000027 seconds.
  path: Assets/2D Assets/enemy
  artifactKey: Guid(80860083d93c98641bf41f378bc2991f) Importer(2089858483,b0f066a214c2f5e87bad3c948f4d605d)
Start importing Assets/2D Assets/enemy using Guid(80860083d93c98641bf41f378bc2991f) Importer(2089858483,b0f066a214c2f5e87bad3c948f4d605d) (ScriptedImporter) -> (artifact id: 'a37ce98bc94918b7b8d02d7049c638c4') in 0.0216328 seconds
Number of updated asset objects reloaded before import = 0Number of asset objects unloaded after import = 1

========================================================================
Received Import Request.
  Time since last request: 0.000142 seconds.
  path: Assets/2D Assets/ground(7).png
  artifactKey: Guid(a75f5980a6628634faa69c51ee5be0e5) Importer(2089858483,b0f066a214c2f5e87bad3c948f4d605d)
Start importing Assets/2D Assets/ground(7).png using Guid(a75f5980a6628634faa69c51ee5be0e5) Importer(2089858483,b0f066a214c2f5e87bad3c948f4d605d) (ScriptedImporter) -> (artifact id: '210c022e70e21f0ed79789e7d448176a') in 0.0357477 seconds
Number of updated asset objects reloaded before import = 0Number of asset objects unloaded after import = 3

========================================================================
Received Import Request.
  Time since last request: 0.000030 seconds.
  path: Assets/2D Assets/player3/idle/idle(2).png
  artifactKey: Guid(3f8acfdec052b47278473999bfd43270) Importer(2089858483,b0f066a214c2f5e87bad3c948f4d605d)
Start importing Assets/2D Assets/player3/idle/idle(2).png using Guid(3f8acfdec052b47278473999bfd43270) Importer(2089858483,b0f066a214c2f5e87bad3c948f4d605d) (ScriptedImporter) -> (artifact id: '1c17cc31819de0d5800119a9ff9c40fa') in 0.0343225 seconds
Number of updated asset objects reloaded before import = 0Number of asset objects unloaded after import = 3

========================================================================
Received Import Request.
  Time since last request: 0.000025 seconds.
  path: Assets/2D Assets/TilePalette/ground(1).asset
  artifactKey: Guid(9c788d843467b674eaa99c654b304d01) Importer(2089858483,b0f066a214c2f5e87bad3c948f4d605d)
Start importing Assets/2D Assets/TilePalette/ground(1).asset using Guid(9c788d843467b674eaa99c654b304d01) Importer(2089858483,b0f066a214c2f5e87bad3c948f4d605d) (ScriptedImporter) -> (artifact id: '5660e7c3643974d150595acf6f0a136d') in 0.0280723 seconds
Number of updated asset objects reloaded before import = 0Number of asset objects unloaded after import = 2

========================================================================
Received Import Request.
  Time since last request: 0.000070 seconds.
  path: Assets/2D Assets/player/jump
  artifactKey: Guid(c43bee83842cffb44b109c40a7b854f6) Importer(2089858483,b0f066a214c2f5e87bad3c948f4d605d)
Start importing Assets/2D Assets/player/jump using Guid(c43bee83842cffb44b109c40a7b854f6) Importer(2089858483,b0f066a214c2f5e87bad3c948f4d605d) (ScriptedImporter) -> (artifact id: 'b6772e79bb4cc83592545866dd94bd26') in 0.0221777 seconds
Number of updated asset objects reloaded before import = 0Number of asset objects unloaded after import = 1

========================================================================
Received Prepare
WARNING: Shader Unsupported: 'Hidden/Universal Render Pipeline/Terrain/Lit (Base Pass)' - All subshaders removed
WARNING: Shader Did you use #pragma only_renderers and omit this platform?
WARNING: Shader If subshaders removal was intentional, you may have forgotten turning Fallback off?
WARNING: Shader Unsupported: 'Hidden/Universal Render Pipeline/Terrain/Lit (Base Pass)' - All subshaders removed
WARNING: Shader Did you use #pragma only_renderers and omit this platform?
WARNING: Shader If subshaders removal was intentional, you may have forgotten turning Fallback off?
WARNING: Shader Unsupported: 'Universal Render Pipeline/Terrain/Lit' - All subshaders removed
WARNING: Shader Did you use #pragma only_renderers and omit this platform?
WARNING: Shader If subshaders removal was intentional, you may have forgotten turning Fallback off?
WARNING: Shader Unsupported: 'Universal Render Pipeline/Terrain/Lit' - All subshaders removed
WARNING: Shader Did you use #pragma only_renderers and omit this platform?
WARNING: Shader If subshaders removal was intentional, you may have forgotten turning Fallback off?
Refreshing native plugins compatible for Editor in 5.24 ms, found 4 plugins.
Preloading 0 native plugins for Editor in 0.00 ms.
Unloading 47 Unused Serialized files (Serialized files now loaded: 0)
Unloading 9197 unused Assets / (8.4 MB). Loaded Objects now: 9914.
Memory consumption went from 174.5 MB to 166.1 MB.
Total: 18.378600 ms (FindLiveObjects: 1.083900 ms CreateObjectMapping: 1.097700 ms MarkObjects: 10.663400 ms  DeleteObjects: 5.531400 ms)

Prepare: number of updated asset objects reloaded= 0
========================================================================
Received Import Request.
  Time since last request: 13.555980 seconds.
  path: Assets/scripts/Scripts/GameManager.cs
  artifactKey: Guid(8d255ee49c2be2343b958ec319cdf534) Importer(2089858483,b0f066a214c2f5e87bad3c948f4d605d)
Start importing Assets/scripts/Scripts/GameManager.cs using Guid(8d255ee49c2be2343b958ec319cdf534) Importer(2089858483,b0f066a214c2f5e87bad3c948f4d605d) (ScriptedImporter) -> (artifact id: '9528c2c1042bfcd6d433d8ad64caeb37') in 0.0409905 seconds
Number of updated asset objects reloaded before import = 0Number of asset objects unloaded after import = 0

========================================================================
Received Import Request.
  Time since last request: 0.000111 seconds.
  path: Assets/scripts/Scripts/PlayerController.cs
  artifactKey: Guid(8367f8f5ad069264c8b1b800b031e6c6) Importer(2089858483,b0f066a214c2f5e87bad3c948f4d605d)
Start importing Assets/scripts/Scripts/PlayerController.cs using Guid(8367f8f5ad069264c8b1b800b031e6c6) Importer(2089858483,b0f066a214c2f5e87bad3c948f4d605d) (ScriptedImporter) -> (artifact id: 'd29c4d239276dc4b90828a300baaab6b') in 0.0248652 seconds
Number of updated asset objects reloaded before import = 0Number of asset objects unloaded after import = 0

========================================================================
Received Import Request.
  Time since last request: 0.000160 seconds.
  path: Assets/scripts/Scripts/CameraController.cs
  artifactKey: Guid(f025b3a51997b49458850f64e01e9a7d) Importer(2089858483,b0f066a214c2f5e87bad3c948f4d605d)
Start importing Assets/scripts/Scripts/CameraController.cs using Guid(f025b3a51997b49458850f64e01e9a7d) Importer(2089858483,b0f066a214c2f5e87bad3c948f4d605d) (ScriptedImporter) -> (artifact id: '2d7154e96726fb40746477260d2d16ec') in 0.0228224 seconds
Number of updated asset objects reloaded before import = 0Number of asset objects unloaded after import = 0

========================================================================
Received Prepare
Begin MonoManager ReloadAssembly
[Licensing::Client] Successfully resolved entitlement details
Symbol file LoadedFromMemory is not a mono symbol file
- Loaded All Assemblies, in  1.814 seconds
Refreshing native plugins compatible for Editor in 2.82 ms, found 4 plugins.
Native extension for iOS target not found
Native extension for Android target not found
Native extension for UWP target not found
Native extension for WindowsStandalone target not found
Native extension for WebGL target not found
[Package Manager] Failed to launch server process. Reason: Unity was launched with the -noUpm command-line argument
[Package Manager] Unable to send message (not connected to server process).
[Package Manager] Cannot connect to Unity Package Manager local server
[Package Manager] Failed to launch server process. Reason: Unity was launched with the -noUpm command-line argument
[Package Manager] Unable to send message (not connected to server process).
[Package Manager] Cannot connect to Unity Package Manager local server
Mono: successfully reloaded assembly
- Finished resetting the current domain, in  1.578 seconds
Domain Reload Profiling: 3395ms
	BeginReloadAssembly (460ms)
		ExecutionOrderSort (0ms)
		DisableScriptedObjects (32ms)
		BackupInstance (0ms)
		ReleaseScriptingObjects (0ms)
		CreateAndSetChildDomain (128ms)
	RebuildCommonClasses (79ms)
	RebuildNativeTypeToScriptingClass (22ms)
	initialDomainReloadingComplete (56ms)
	LoadAllAssembliesAndSetupDomain (1199ms)
		LoadAssemblies (887ms)
		RebuildTransferFunctionScriptingTraits (0ms)
		AnalyzeDomain (525ms)
			TypeCache.Refresh (22ms)
				TypeCache.ScanAssembly (2ms)
			BuildScriptInfoCaches (467ms)
			ResolveRequiredComponents (23ms)
	FinalizeReload (1579ms)
		ReleaseScriptCaches (0ms)
		RebuildScriptCaches (0ms)
		SetupLoadedEditorAssemblies (1327ms)
			LogAssemblyErrors (0ms)
			InitializePlatformSupportModulesInManaged (40ms)
			SetLoadedEditorAssemblies (9ms)
			BeforeProcessingInitializeOnLoad (425ms)
			ProcessInitializeOnLoadAttributes (609ms)
			ProcessInitializeOnLoadMethodAttributes (237ms)
			AfterProcessingInitializeOnLoad (7ms)
			EditorAssembliesLoaded (1ms)
		ExecutionOrderSort2 (0ms)
		AwakeInstancesAfterBackupRestoration (13ms)
WARNING: Shader Unsupported: 'Hidden/Universal Render Pipeline/Terrain/Lit (Base Pass)' - All subshaders removed
WARNING: Shader Did you use #pragma only_renderers and omit this platform?
WARNING: Shader If subshaders removal was intentional, you may have forgotten turning Fallback off?
WARNING: Shader Unsupported: 'Hidden/Universal Render Pipeline/Terrain/Lit (Base Pass)' - All subshaders removed
WARNING: Shader Did you use #pragma only_renderers and omit this platform?
WARNING: Shader If subshaders removal was intentional, you may have forgotten turning Fallback off?
WARNING: Shader Unsupported: 'Universal Render Pipeline/Terrain/Lit' - All subshaders removed
WARNING: Shader Did you use #pragma only_renderers and omit this platform?
WARNING: Shader If subshaders removal was intentional, you may have forgotten turning Fallback off?
WARNING: Shader Unsupported: 'Universal Render Pipeline/Terrain/Lit' - All subshaders removed
WARNING: Shader Did you use #pragma only_renderers and omit this platform?
WARNING: Shader If subshaders removal was intentional, you may have forgotten turning Fallback off?
Refreshing native plugins compatible for Editor in 3.58 ms, found 4 plugins.
Preloading 0 native plugins for Editor in 0.00 ms.
Unloading 47 Unused Serialized files (Serialized files now loaded: 0)
Unloading 9211 unused Assets / (7.9 MB). Loaded Objects now: 9920.
Memory consumption went from 174.1 MB to 166.2 MB.
Total: 23.904900 ms (FindLiveObjects: 1.505400 ms CreateObjectMapping: 1.956200 ms MarkObjects: 13.484900 ms  DeleteObjects: 6.955000 ms)

Prepare: number of updated asset objects reloaded= 0
========================================================================
Received Prepare
WARNING: Shader Unsupported: 'Hidden/Universal Render Pipeline/Terrain/Lit (Base Pass)' - All subshaders removed
WARNING: Shader Did you use #pragma only_renderers and omit this platform?
WARNING: Shader If subshaders removal was intentional, you may have forgotten turning Fallback off?
WARNING: Shader Unsupported: 'Hidden/Universal Render Pipeline/Terrain/Lit (Base Pass)' - All subshaders removed
WARNING: Shader Did you use #pragma only_renderers and omit this platform?
WARNING: Shader If subshaders removal was intentional, you may have forgotten turning Fallback off?
WARNING: Shader Unsupported: 'Universal Render Pipeline/Terrain/Lit' - All subshaders removed
WARNING: Shader Did you use #pragma only_renderers and omit this platform?
WARNING: Shader If subshaders removal was intentional, you may have forgotten turning Fallback off?
WARNING: Shader Unsupported: 'Universal Render Pipeline/Terrain/Lit' - All subshaders removed
WARNING: Shader Did you use #pragma only_renderers and omit this platform?
WARNING: Shader If subshaders removal was intentional, you may have forgotten turning Fallback off?
Refreshing native plugins compatible for Editor in 4.11 ms, found 4 plugins.
Preloading 0 native plugins for Editor in 0.00 ms.
Unloading 47 Unused Serialized files (Serialized files now loaded: 0)
Unloading 9197 unused Assets / (8.5 MB). Loaded Objects now: 9920.
Memory consumption went from 174.2 MB to 165.7 MB.
Total: 25.382800 ms (FindLiveObjects: 1.187200 ms CreateObjectMapping: 1.037400 ms MarkObjects: 15.563200 ms  DeleteObjects: 7.592800 ms)

Prepare: number of updated asset objects reloaded= 0
========================================================================
Received Prepare
WARNING: Shader Unsupported: 'Hidden/Universal Render Pipeline/Terrain/Lit (Base Pass)' - All subshaders removed
WARNING: Shader Did you use #pragma only_renderers and omit this platform?
WARNING: Shader If subshaders removal was intentional, you may have forgotten turning Fallback off?
WARNING: Shader Unsupported: 'Hidden/Universal Render Pipeline/Terrain/Lit (Base Pass)' - All subshaders removed
WARNING: Shader Did you use #pragma only_renderers and omit this platform?
WARNING: Shader If subshaders removal was intentional, you may have forgotten turning Fallback off?
WARNING: Shader Unsupported: 'Universal Render Pipeline/Terrain/Lit' - All subshaders removed
WARNING: Shader Did you use #pragma only_renderers and omit this platform?
WARNING: Shader If subshaders removal was intentional, you may have forgotten turning Fallback off?
WARNING: Shader Unsupported: 'Universal Render Pipeline/Terrain/Lit' - All subshaders removed
WARNING: Shader Did you use #pragma only_renderers and omit this platform?
WARNING: Shader If subshaders removal was intentional, you may have forgotten turning Fallback off?
Refreshing native plugins compatible for Editor in 3.41 ms, found 4 plugins.
Preloading 0 native plugins for Editor in 0.00 ms.
Unloading 47 Unused Serialized files (Serialized files now loaded: 0)
Unloading 9197 unused Assets / (8.1 MB). Loaded Objects now: 9920.
Memory consumption went from 174.3 MB to 166.2 MB.
Total: 25.842300 ms (FindLiveObjects: 1.527000 ms CreateObjectMapping: 1.978600 ms MarkObjects: 15.375000 ms  DeleteObjects: 6.958900 ms)

Prepare: number of updated asset objects reloaded= 0
========================================================================
Received Prepare
WARNING: Shader Unsupported: 'Hidden/Universal Render Pipeline/Terrain/Lit (Base Pass)' - All subshaders removed
WARNING: Shader Did you use #pragma only_renderers and omit this platform?
WARNING: Shader If subshaders removal was intentional, you may have forgotten turning Fallback off?
WARNING: Shader Unsupported: 'Hidden/Universal Render Pipeline/Terrain/Lit (Base Pass)' - All subshaders removed
WARNING: Shader Did you use #pragma only_renderers and omit this platform?
WARNING: Shader If subshaders removal was intentional, you may have forgotten turning Fallback off?
WARNING: Shader Unsupported: 'Universal Render Pipeline/Terrain/Lit' - All subshaders removed
WARNING: Shader Did you use #pragma only_renderers and omit this platform?
WARNING: Shader If subshaders removal was intentional, you may have forgotten turning Fallback off?
WARNING: Shader Unsupported: 'Universal Render Pipeline/Terrain/Lit' - All subshaders removed
WARNING: Shader Did you use #pragma only_renderers and omit this platform?
WARNING: Shader If subshaders removal was intentional, you may have forgotten turning Fallback off?
Refreshing native plugins compatible for Editor in 3.94 ms, found 4 plugins.
Preloading 0 native plugins for Editor in 0.00 ms.
Unloading 47 Unused Serialized files (Serialized files now loaded: 0)
Unloading 9197 unused Assets / (8.2 MB). Loaded Objects now: 9920.
Memory consumption went from 174.3 MB to 166.1 MB.
Total: 28.479500 ms (FindLiveObjects: 1.257900 ms CreateObjectMapping: 1.298300 ms MarkObjects: 16.888600 ms  DeleteObjects: 9.030700 ms)

Prepare: number of updated asset objects reloaded= 0
========================================================================
Received Prepare
WARNING: Shader Unsupported: 'Hidden/Universal Render Pipeline/Terrain/Lit (Base Pass)' - All subshaders removed
WARNING: Shader Did you use #pragma only_renderers and omit this platform?
WARNING: Shader If subshaders removal was intentional, you may have forgotten turning Fallback off?
WARNING: Shader Unsupported: 'Hidden/Universal Render Pipeline/Terrain/Lit (Base Pass)' - All subshaders removed
WARNING: Shader Did you use #pragma only_renderers and omit this platform?
WARNING: Shader If subshaders removal was intentional, you may have forgotten turning Fallback off?
WARNING: Shader Unsupported: 'Universal Render Pipeline/Terrain/Lit' - All subshaders removed
WARNING: Shader Did you use #pragma only_renderers and omit this platform?
WARNING: Shader If subshaders removal was intentional, you may have forgotten turning Fallback off?
WARNING: Shader Unsupported: 'Universal Render Pipeline/Terrain/Lit' - All subshaders removed
WARNING: Shader Did you use #pragma only_renderers and omit this platform?
WARNING: Shader If subshaders removal was intentional, you may have forgotten turning Fallback off?
Refreshing native plugins compatible for Editor in 4.16 ms, found 4 plugins.
Preloading 0 native plugins for Editor in 0.00 ms.
Unloading 47 Unused Serialized files (Serialized files now loaded: 0)
Unloading 9197 unused Assets / (7.9 MB). Loaded Objects now: 9920.
Memory consumption went from 174.2 MB to 166.3 MB.
Total: 28.955600 ms (FindLiveObjects: 2.941100 ms CreateObjectMapping: 2.430100 ms MarkObjects: 15.646700 ms  DeleteObjects: 7.934600 ms)

Prepare: number of updated asset objects reloaded= 0
========================================================================
Received Prepare
WARNING: Shader Unsupported: 'Hidden/Universal Render Pipeline/Terrain/Lit (Base Pass)' - All subshaders removed
WARNING: Shader Did you use #pragma only_renderers and omit this platform?
WARNING: Shader If subshaders removal was intentional, you may have forgotten turning Fallback off?
WARNING: Shader Unsupported: 'Hidden/Universal Render Pipeline/Terrain/Lit (Base Pass)' - All subshaders removed
WARNING: Shader Did you use #pragma only_renderers and omit this platform?
WARNING: Shader If subshaders removal was intentional, you may have forgotten turning Fallback off?
WARNING: Shader Unsupported: 'Universal Render Pipeline/Terrain/Lit' - All subshaders removed
WARNING: Shader Did you use #pragma only_renderers and omit this platform?
WARNING: Shader If subshaders removal was intentional, you may have forgotten turning Fallback off?
WARNING: Shader Unsupported: 'Universal Render Pipeline/Terrain/Lit' - All subshaders removed
WARNING: Shader Did you use #pragma only_renderers and omit this platform?
WARNING: Shader If subshaders removal was intentional, you may have forgotten turning Fallback off?
Refreshing native plugins compatible for Editor in 4.30 ms, found 4 plugins.
Preloading 0 native plugins for Editor in 0.00 ms.
Unloading 47 Unused Serialized files (Serialized files now loaded: 0)
Unloading 9197 unused Assets / (7.8 MB). Loaded Objects now: 9920.
Memory consumption went from 174.2 MB to 166.5 MB.
Total: 29.709400 ms (FindLiveObjects: 1.384900 ms CreateObjectMapping: 1.825600 ms MarkObjects: 17.844300 ms  DeleteObjects: 8.651800 ms)

Prepare: number of updated asset objects reloaded= 0
========================================================================
Received Prepare
WARNING: Shader Unsupported: 'Hidden/Universal Render Pipeline/Terrain/Lit (Base Pass)' - All subshaders removed
WARNING: Shader Did you use #pragma only_renderers and omit this platform?
WARNING: Shader If subshaders removal was intentional, you may have forgotten turning Fallback off?
WARNING: Shader Unsupported: 'Hidden/Universal Render Pipeline/Terrain/Lit (Base Pass)' - All subshaders removed
WARNING: Shader Did you use #pragma only_renderers and omit this platform?
WARNING: Shader If subshaders removal was intentional, you may have forgotten turning Fallback off?
WARNING: Shader Unsupported: 'Universal Render Pipeline/Terrain/Lit' - All subshaders removed
WARNING: Shader Did you use #pragma only_renderers and omit this platform?
WARNING: Shader If subshaders removal was intentional, you may have forgotten turning Fallback off?
WARNING: Shader Unsupported: 'Universal Render Pipeline/Terrain/Lit' - All subshaders removed
WARNING: Shader Did you use #pragma only_renderers and omit this platform?
WARNING: Shader If subshaders removal was intentional, you may have forgotten turning Fallback off?
Refreshing native plugins compatible for Editor in 5.01 ms, found 4 plugins.
Preloading 0 native plugins for Editor in 0.00 ms.
Unloading 47 Unused Serialized files (Serialized files now loaded: 0)
Unloading 9197 unused Assets / (8.1 MB). Loaded Objects now: 9920.
Memory consumption went from 174.2 MB to 166.1 MB.
Total: 36.845500 ms (FindLiveObjects: 1.467300 ms CreateObjectMapping: 1.878000 ms MarkObjects: 19.842300 ms  DeleteObjects: 13.653000 ms)

Prepare: number of updated asset objects reloaded= 0
========================================================================
Received Prepare
WARNING: Shader Unsupported: 'Hidden/Universal Render Pipeline/Terrain/Lit (Base Pass)' - All subshaders removed
WARNING: Shader Did you use #pragma only_renderers and omit this platform?
WARNING: Shader If subshaders removal was intentional, you may have forgotten turning Fallback off?
WARNING: Shader Unsupported: 'Hidden/Universal Render Pipeline/Terrain/Lit (Base Pass)' - All subshaders removed
WARNING: Shader Did you use #pragma only_renderers and omit this platform?
WARNING: Shader If subshaders removal was intentional, you may have forgotten turning Fallback off?
WARNING: Shader Unsupported: 'Universal Render Pipeline/Terrain/Lit' - All subshaders removed
WARNING: Shader Did you use #pragma only_renderers and omit this platform?
WARNING: Shader If subshaders removal was intentional, you may have forgotten turning Fallback off?
WARNING: Shader Unsupported: 'Universal Render Pipeline/Terrain/Lit' - All subshaders removed
WARNING: Shader Did you use #pragma only_renderers and omit this platform?
WARNING: Shader If subshaders removal was intentional, you may have forgotten turning Fallback off?
Refreshing native plugins compatible for Editor in 5.07 ms, found 4 plugins.
Preloading 0 native plugins for Editor in 0.00 ms.
Unloading 47 Unused Serialized files (Serialized files now loaded: 0)
Unloading 9197 unused Assets / (7.9 MB). Loaded Objects now: 9920.
Memory consumption went from 174.3 MB to 166.3 MB.
Total: 32.043400 ms (FindLiveObjects: 3.285100 ms CreateObjectMapping: 1.589300 ms MarkObjects: 19.174500 ms  DeleteObjects: 7.990600 ms)

Prepare: number of updated asset objects reloaded= 0
========================================================================
Received Prepare
WARNING: Shader Unsupported: 'Hidden/Universal Render Pipeline/Terrain/Lit (Base Pass)' - All subshaders removed
WARNING: Shader Did you use #pragma only_renderers and omit this platform?
WARNING: Shader If subshaders removal was intentional, you may have forgotten turning Fallback off?
WARNING: Shader Unsupported: 'Hidden/Universal Render Pipeline/Terrain/Lit (Base Pass)' - All subshaders removed
WARNING: Shader Did you use #pragma only_renderers and omit this platform?
WARNING: Shader If subshaders removal was intentional, you may have forgotten turning Fallback off?
WARNING: Shader Unsupported: 'Universal Render Pipeline/Terrain/Lit' - All subshaders removed
WARNING: Shader Did you use #pragma only_renderers and omit this platform?
WARNING: Shader If subshaders removal was intentional, you may have forgotten turning Fallback off?
WARNING: Shader Unsupported: 'Universal Render Pipeline/Terrain/Lit' - All subshaders removed
WARNING: Shader Did you use #pragma only_renderers and omit this platform?
WARNING: Shader If subshaders removal was intentional, you may have forgotten turning Fallback off?
Refreshing native plugins compatible for Editor in 4.96 ms, found 4 plugins.
Preloading 0 native plugins for Editor in 0.00 ms.
Unloading 47 Unused Serialized files (Serialized files now loaded: 0)
Unloading 9197 unused Assets / (7.9 MB). Loaded Objects now: 9920.
Memory consumption went from 174.2 MB to 166.3 MB.
Total: 36.655800 ms (FindLiveObjects: 1.745200 ms CreateObjectMapping: 2.385800 ms MarkObjects: 20.147800 ms  DeleteObjects: 12.372500 ms)

Prepare: number of updated asset objects reloaded= 0
========================================================================
Received Import Request.
  Time since last request: 26.837457 seconds.
  path: Assets/scripts/PlayerController1.cs
  artifactKey: Guid(8367f8f5ad069264c8b1b800b031e6c6) Importer(2089858483,b0f066a214c2f5e87bad3c948f4d605d)
Start importing Assets/scripts/PlayerController1.cs using Guid(8367f8f5ad069264c8b1b800b031e6c6) Importer(2089858483,b0f066a214c2f5e87bad3c948f4d605d) (ScriptedImporter) -> (artifact id: '475c5c41a0b215610064059eb53bd392') in 0.370001 seconds
Number of updated asset objects reloaded before import = 0Number of asset objects unloaded after import = 0

========================================================================
Received Import Request.
  Time since last request: 0.000040 seconds.
  path: Assets/scripts/TabMenu.cs
  artifactKey: Guid(26d6a4d8106cf473292b8870f19cee53) Importer(2089858483,b0f066a214c2f5e87bad3c948f4d605d)
Start importing Assets/scripts/TabMenu.cs using Guid(26d6a4d8106cf473292b8870f19cee53) Importer(2089858483,b0f066a214c2f5e87bad3c948f4d605d) (ScriptedImporter) -> (artifact id: '48c472697167b2d8688b025a715c610b') in 0.0316756 seconds
Number of updated asset objects reloaded before import = 0Number of asset objects unloaded after import = 0

========================================================================
Received Prepare
WARNING: Shader Unsupported: 'Hidden/Universal Render Pipeline/Terrain/Lit (Base Pass)' - All subshaders removed
WARNING: Shader Did you use #pragma only_renderers and omit this platform?
WARNING: Shader If subshaders removal was intentional, you may have forgotten turning Fallback off?
WARNING: Shader Unsupported: 'Hidden/Universal Render Pipeline/Terrain/Lit (Base Pass)' - All subshaders removed
WARNING: Shader Did you use #pragma only_renderers and omit this platform?
WARNING: Shader If subshaders removal was intentional, you may have forgotten turning Fallback off?
WARNING: Shader Unsupported: 'Universal Render Pipeline/Terrain/Lit' - All subshaders removed
WARNING: Shader Did you use #pragma only_renderers and omit this platform?
WARNING: Shader If subshaders removal was intentional, you may have forgotten turning Fallback off?
WARNING: Shader Unsupported: 'Universal Render Pipeline/Terrain/Lit' - All subshaders removed
WARNING: Shader Did you use #pragma only_renderers and omit this platform?
WARNING: Shader If subshaders removal was intentional, you may have forgotten turning Fallback off?
Refreshing native plugins compatible for Editor in 4.22 ms, found 4 plugins.
Preloading 0 native plugins for Editor in 0.00 ms.
Unloading 47 Unused Serialized files (Serialized files now loaded: 0)
Unloading 9197 unused Assets / (8.2 MB). Loaded Objects now: 9920.
Memory consumption went from 174.3 MB to 166.1 MB.
Total: 22.280700 ms (FindLiveObjects: 1.376700 ms CreateObjectMapping: 1.163900 ms MarkObjects: 13.366400 ms  DeleteObjects: 6.371200 ms)

Prepare: number of updated asset objects reloaded= 0
========================================================================
Received Prepare
WARNING: Shader Unsupported: 'Hidden/Universal Render Pipeline/Terrain/Lit (Base Pass)' - All subshaders removed
WARNING: Shader Did you use #pragma only_renderers and omit this platform?
WARNING: Shader If subshaders removal was intentional, you may have forgotten turning Fallback off?
WARNING: Shader Unsupported: 'Hidden/Universal Render Pipeline/Terrain/Lit (Base Pass)' - All subshaders removed
WARNING: Shader Did you use #pragma only_renderers and omit this platform?
WARNING: Shader If subshaders removal was intentional, you may have forgotten turning Fallback off?
WARNING: Shader Unsupported: 'Universal Render Pipeline/Terrain/Lit' - All subshaders removed
WARNING: Shader Did you use #pragma only_renderers and omit this platform?
WARNING: Shader If subshaders removal was intentional, you may have forgotten turning Fallback off?
WARNING: Shader Unsupported: 'Universal Render Pipeline/Terrain/Lit' - All subshaders removed
WARNING: Shader Did you use #pragma only_renderers and omit this platform?
WARNING: Shader If subshaders removal was intentional, you may have forgotten turning Fallback off?
Refreshing native plugins compatible for Editor in 3.73 ms, found 4 plugins.
Preloading 0 native plugins for Editor in 0.00 ms.
Unloading 47 Unused Serialized files (Serialized files now loaded: 0)
Unloading 9197 unused Assets / (8.6 MB). Loaded Objects now: 9920.
Memory consumption went from 174.3 MB to 165.7 MB.
Total: 27.122300 ms (FindLiveObjects: 2.458600 ms CreateObjectMapping: 2.679000 ms MarkObjects: 14.000300 ms  DeleteObjects: 7.981500 ms)

Prepare: number of updated asset objects reloaded= 0
========================================================================
Received Prepare
Begin MonoManager ReloadAssembly
Symbol file LoadedFromMemory is not a mono symbol file
- Loaded All Assemblies, in  1.869 seconds
Refreshing native plugins compatible for Editor in 4.27 ms, found 4 plugins.
Native extension for iOS target not found
Native extension for Android target not found
Native extension for UWP target not found
Native extension for WindowsStandalone target not found
Native extension for WebGL target not found
[Package Manager] Failed to launch server process. Reason: Unity was launched with the -noUpm command-line argument
[Package Manager] Unable to send message (not connected to server process).
[Package Manager] Cannot connect to Unity Package Manager local server
[Package Manager] Failed to launch server process. Reason: Unity was launched with the -noUpm command-line argument
[Package Manager] Unable to send message (not connected to server process).
[Package Manager] Cannot connect to Unity Package Manager local server
Mono: successfully reloaded assembly
- Finished resetting the current domain, in  1.692 seconds
Domain Reload Profiling: 3561ms
	BeginReloadAssembly (440ms)
		ExecutionOrderSort (0ms)
		DisableScriptedObjects (24ms)
		BackupInstance (0ms)
		ReleaseScriptingObjects (0ms)
		CreateAndSetChildDomain (121ms)
	RebuildCommonClasses (64ms)
	RebuildNativeTypeToScriptingClass (31ms)
	initialDomainReloadingComplete (57ms)
	LoadAllAssembliesAndSetupDomain (1277ms)
		LoadAssemblies (965ms)
		RebuildTransferFunctionScriptingTraits (0ms)
		AnalyzeDomain (501ms)
			TypeCache.Refresh (30ms)
				TypeCache.ScanAssembly (2ms)
			BuildScriptInfoCaches (442ms)
			ResolveRequiredComponents (20ms)
	FinalizeReload (1692ms)
		ReleaseScriptCaches (0ms)
		RebuildScriptCaches (0ms)
		SetupLoadedEditorAssemblies (1422ms)
			LogAssemblyErrors (0ms)
			InitializePlatformSupportModulesInManaged (46ms)
			SetLoadedEditorAssemblies (12ms)
			BeforeProcessingInitializeOnLoad (455ms)
			ProcessInitializeOnLoadAttributes (656ms)
			ProcessInitializeOnLoadMethodAttributes (244ms)
			AfterProcessingInitializeOnLoad (8ms)
			EditorAssembliesLoaded (1ms)
		ExecutionOrderSort2 (0ms)
		AwakeInstancesAfterBackupRestoration (12ms)
WARNING: Shader Unsupported: 'Hidden/Universal Render Pipeline/Terrain/Lit (Base Pass)' - All subshaders removed
WARNING: Shader Did you use #pragma only_renderers and omit this platform?
WARNING: Shader If subshaders removal was intentional, you may have forgotten turning Fallback off?
WARNING: Shader Unsupported: 'Hidden/Universal Render Pipeline/Terrain/Lit (Base Pass)' - All subshaders removed
WARNING: Shader Did you use #pragma only_renderers and omit this platform?
WARNING: Shader If subshaders removal was intentional, you may have forgotten turning Fallback off?
WARNING: Shader Unsupported: 'Universal Render Pipeline/Terrain/Lit' - All subshaders removed
WARNING: Shader Did you use #pragma only_renderers and omit this platform?
WARNING: Shader If subshaders removal was intentional, you may have forgotten turning Fallback off?
WARNING: Shader Unsupported: 'Universal Render Pipeline/Terrain/Lit' - All subshaders removed
WARNING: Shader Did you use #pragma only_renderers and omit this platform?
WARNING: Shader If subshaders removal was intentional, you may have forgotten turning Fallback off?
Refreshing native plugins compatible for Editor in 3.19 ms, found 4 plugins.
Preloading 0 native plugins for Editor in 0.00 ms.
Unloading 47 Unused Serialized files (Serialized files now loaded: 0)
Unloading 9211 unused Assets / (8.8 MB). Loaded Objects now: 9926.
Memory consumption went from 174.1 MB to 165.3 MB.
Total: 23.189000 ms (FindLiveObjects: 1.172800 ms CreateObjectMapping: 1.129400 ms MarkObjects: 11.997600 ms  DeleteObjects: 8.886400 ms)

Prepare: number of updated asset objects reloaded= 0
========================================================================
Received Import Request.
  Time since last request: 33.394768 seconds.
  path: Assets/Animations/player.controller
  artifactKey: Guid(bf5032a32a428df4980908e3690b5031) Importer(2089858483,b0f066a214c2f5e87bad3c948f4d605d)
Start importing Assets/Animations/player.controller using Guid(bf5032a32a428df4980908e3690b5031) Importer(2089858483,b0f066a214c2f5e87bad3c948f4d605d) (ScriptedImporter) -> (artifact id: '6dc9488ae6c57c78c3386509fafac193') in 0.1988907 seconds
Number of updated asset objects reloaded before import = 0Number of asset objects unloaded after import = 13

========================================================================
Received Import Request.
  Time since last request: 0.000038 seconds.
  path: Assets/Animations/idle_hero.anim
  artifactKey: Guid(b50dbccba6c3d034cad5f0fe9642a22d) Importer(2089858483,b0f066a214c2f5e87bad3c948f4d605d)
Start importing Assets/Animations/idle_hero.anim using Guid(b50dbccba6c3d034cad5f0fe9642a22d) Importer(2089858483,b0f066a214c2f5e87bad3c948f4d605d) (ScriptedImporter) -> (artifact id: '59e2ea4461fabc5363f1851f1c989023') in 0.0516801 seconds
Number of updated asset objects reloaded before import = 0Number of asset objects unloaded after import = 1

========================================================================
Received Prepare
Begin MonoManager ReloadAssembly
[Licensing::Client] Successfully resolved entitlement details
Symbol file LoadedFromMemory is not a mono symbol file
- Loaded All Assemblies, in  1.588 seconds
Refreshing native plugins compatible for Editor in 3.17 ms, found 4 plugins.
Native extension for iOS target not found
Native extension for Android target not found
Native extension for UWP target not found
Native extension for WindowsStandalone target not found
Native extension for WebGL target not found
[Package Manager] Failed to launch server process. Reason: Unity was launched with the -noUpm command-line argument
[Package Manager] Unable to send message (not connected to server process).
[Package Manager] Cannot connect to Unity Package Manager local server
[Package Manager] Failed to launch server process. Reason: Unity was launched with the -noUpm command-line argument
[Package Manager] Unable to send message (not connected to server process).
[Package Manager] Cannot connect to Unity Package Manager local server
Mono: successfully reloaded assembly
- Finished resetting the current domain, in  1.747 seconds
Domain Reload Profiling: 3336ms
	BeginReloadAssembly (372ms)
		ExecutionOrderSort (0ms)
		DisableScriptedObjects (20ms)
		BackupInstance (0ms)
		ReleaseScriptingObjects (0ms)
		CreateAndSetChildDomain (108ms)
	RebuildCommonClasses (57ms)
	RebuildNativeTypeToScriptingClass (22ms)
	initialDomainReloadingComplete (47ms)
	LoadAllAssembliesAndSetupDomain (1091ms)
		LoadAssemblies (776ms)
		RebuildTransferFunctionScriptingTraits (0ms)
		AnalyzeDomain (473ms)
			TypeCache.Refresh (14ms)
				TypeCache.ScanAssembly (0ms)
			BuildScriptInfoCaches (429ms)
			ResolveRequiredComponents (20ms)
	FinalizeReload (1748ms)
		ReleaseScriptCaches (0ms)
		RebuildScriptCaches (0ms)
		SetupLoadedEditorAssemblies (1458ms)
			LogAssemblyErrors (0ms)
			InitializePlatformSupportModulesInManaged (54ms)
			SetLoadedEditorAssemblies (13ms)
			BeforeProcessingInitializeOnLoad (495ms)
			ProcessInitializeOnLoadAttributes (631ms)
			ProcessInitializeOnLoadMethodAttributes (256ms)
			AfterProcessingInitializeOnLoad (8ms)
			EditorAssembliesLoaded (1ms)
		ExecutionOrderSort2 (0ms)
		AwakeInstancesAfterBackupRestoration (11ms)
WARNING: Shader Unsupported: 'Hidden/Universal Render Pipeline/Terrain/Lit (Base Pass)' - All subshaders removed
WARNING: Shader Did you use #pragma only_renderers and omit this platform?
WARNING: Shader If subshaders removal was intentional, you may have forgotten turning Fallback off?
WARNING: Shader Unsupported: 'Hidden/Universal Render Pipeline/Terrain/Lit (Base Pass)' - All subshaders removed
WARNING: Shader Did you use #pragma only_renderers and omit this platform?
WARNING: Shader If subshaders removal was intentional, you may have forgotten turning Fallback off?
WARNING: Shader Unsupported: 'Universal Render Pipeline/Terrain/Lit' - All subshaders removed
WARNING: Shader Did you use #pragma only_renderers and omit this platform?
WARNING: Shader If subshaders removal was intentional, you may have forgotten turning Fallback off?
WARNING: Shader Unsupported: 'Universal Render Pipeline/Terrain/Lit' - All subshaders removed
WARNING: Shader Did you use #pragma only_renderers and omit this platform?
WARNING: Shader If subshaders removal was intentional, you may have forgotten turning Fallback off?
Refreshing native plugins compatible for Editor in 3.05 ms, found 4 plugins.
Preloading 0 native plugins for Editor in 0.00 ms.
Unloading 47 Unused Serialized files (Serialized files now loaded: 0)
Unloading 9211 unused Assets / (7.9 MB). Loaded Objects now: 9932.
Memory consumption went from 174.1 MB to 166.2 MB.
Total: 22.053900 ms (FindLiveObjects: 1.466500 ms CreateObjectMapping: 1.830400 ms MarkObjects: 12.293800 ms  DeleteObjects: 6.460200 ms)

Prepare: number of updated asset objects reloaded= 0
