[Licensing::Module] Trying to connect to existing licensing client channel...
Built from '6000.3/staging' branch; Version is '6000.3.2f1 (a9779f353c9b) revision 11106207'; Using compiler version '194234433'; Build Type 'Release'
[Licensing::IpcConnector] Successfully connected to: "LicenseClient-BASSEL" at "2026-06-08T11:11:40.4636708Z"
OS: 'Windows 11  (10.0.26200) 64bit Professional' Language: 'en' Physical Memory: 16051 MB
BatchMode: 1, IsHumanControllingUs: 0, StartBugReporterOnCrash: 0, Is64bit: 1
Date: 2026-06-08T11:11:40Z

COMMAND LINE ARGUMENTS:
C:\Program Files\Unity\Hub\Editor\6000.3.2f1\Editor\Unity.exe
-adb2
-batchMode
-noUpm
-name
AssetImportWorker4
-projectPath
C:/Users/BASSEL/Desktop/Unity 2D Game
-logFile
Logs/AssetImportWorker4.log
-srvPort
60420
-licensingIpc
LicenseClient-BASSEL
-job-worker-count
9
-background-job-worker-count
8
-gc-helper-count
1
-name
AssetImport
Successfully changed project path to: C:/Users/BASSEL/Desktop/Unity 2D Game
C:/Users/BASSEL/Desktop/Unity 2D Game
[UnityMemory] Configuration Parameters - Can be set up in boot.config
    "memorysetup-temp-allocator-size-nav-mesh-worker=65536"
    "memorysetup-temp-allocator-size-audio-worker=65536"
    "memorysetup-temp-allocator-size-gfx=262144"
    "memorysetup-allocator-temp-initial-block-size-main=262144"
    "memorysetup-allocator-temp-initial-block-size-worker=262144"
    "memorysetup-temp-allocator-size-background-worker=32768"
    "memorysetup-temp-allocator-size-job-worker=262144"
    "memorysetup-temp-allocator-size-preload-manager=33554432"
    "memorysetup-temp-allocator-size-gi-baking-worker=262144"
    "memorysetup-temp-allocator-size-gi-baking-worker=262144"
    "memorysetup-temp-allocator-size-gi-baking-worker=262144"
    "memorysetup-temp-allocator-size-gi-baking-worker=262144"
    "memorysetup-temp-allocator-size-gi-baking-worker=262144"
    "memorysetup-bucket-allocator-granularity=16"
    "memorysetup-bucket-allocator-bucket-count=8"
    "memorysetup-bucket-allocator-block-size=33554432"
    "memorysetup-bucket-allocator-block-count=8"
    "memorysetup-main-allocator-block-size=16777216"
    "memorysetup-thread-allocator-block-size=16777216"
    "memorysetup-gfx-main-allocator-block-size=16777216"
    "memorysetup-gfx-thread-allocator-block-size=16777216"
    "memorysetup-cache-allocator-block-size=4194304"
    "memorysetup-typetree-allocator-block-size=2097152"
    "memorysetup-profiler-bucket-allocator-granularity=16"
    "memorysetup-profiler-bucket-allocator-bucket-count=8"
    "memorysetup-profiler-bucket-allocator-block-size=33554432"
    "memorysetup-profiler-bucket-allocator-block-count=8"
    "memorysetup-profiler-allocator-block-size=16777216"
    "memorysetup-profiler-editor-allocator-block-size=1048576"
    "memorysetup-temp-allocator-size-main=16777216"
    "memorysetup-job-temp-allocator-block-size=2097152"
    "memorysetup-job-temp-allocator-block-size-background=1048576"
    "memorysetup-job-temp-allocator-reduction-small-platforms=262144"
    "memorysetup-temp-allocator-size-cloud-worker=32768"
Player connection [63592]  Target information:

Player connection [63592]  * "[IP] 192.168.0.192 [Port] 0 [Flags] 2 [Guid] 2672787090 [EditorId] 2672787090 [Version] 1048832 [Id] WindowsEditor(7,DESKTOP-6U4AG02) [Debug] 1 [PackageName] WindowsEditor [ProjectName] Editor" 

Player connection [63592] Host joined multi-casting on [225.0.0.222:54997]...
Player connection [63592] Host joined alternative multi-casting on [225.0.0.222:34997]...
JobSystem: Creating JobQueue using job-worker-count value 9
Input System module state changed to: Initialized.
[Physics::Module] Initialized fallback backend.
[Physics::Module] Id: 0xdecafbad
Library Redirect Path: Library/
[Physics::Module] Selected backend.
[Physics::Module] Name: PhysX
[Physics::Module] Id: 0xf2b8ea05
[Physics::Module] SDK Version: 4.1.2
[Physics::Module] Integration Version: 1.0.0
[Physics::Module] Threading Mode: Multi-Threaded
Refreshing native plugins compatible for Editor in 6.52 ms, found 4 plugins.
Preloading 0 native plugins for Editor in 0.00 ms.
Initialize engine version: 6000.3.2f1 (a9779f353c9b)
[Subsystems] Discovering subsystems at path C:/Program Files/Unity/Hub/Editor/6000.3.2f1/Editor/Data/Resources/UnitySubsystems
[Subsystems] Discovering subsystems at path C:/Users/BASSEL/Desktop/Unity 2D Game/Assets
GfxDevice: creating device client; kGfxThreadingModeNonThreaded
Direct3D:
    Version:  Direct3D 11.0 [level 11.1]
    Renderer: NVIDIA GeForce RTX 3050 Laptop GPU (ID=0x25a2)
    Vendor:   NVIDIA
    VRAM:     3962 MB
    Driver:   32.0.15.9227
Initialize mono
Mono path[0] = 'C:/Program Files/Unity/Hub/Editor/6000.3.2f1/Editor/Data/Managed'
Mono path[1] = 'C:/Program Files/Unity/Hub/Editor/6000.3.2f1/Editor/Data/MonoBleedingEdge/lib/mono/unityjit-win32'
Mono config path = 'C:/Program Files/Unity/Hub/Editor/6000.3.2f1/Editor/Data/MonoBleedingEdge/etc'
Using monoOptions --debugger-agent=transport=dt_socket,embedding=1,server=y,suspend=n,address=127.0.0.1:56980
Begin MonoManager ReloadAssembly
Registering precompiled unity dll's ...
Register platform support module: C:/Program Files/Unity/Hub/Editor/6000.3.2f1/Editor/Data/PlaybackEngines/WebGLSupport/UnityEditor.WebGL.Extensions.dll
Register platform support module: C:/Program Files/Unity/Hub/Editor/6000.3.2f1/Editor/Data/PlaybackEngines/WindowsStandaloneSupport/UnityEditor.WindowsStandalone.Extensions.dll
[Licensing::Module] Licensing is not yet initialized.
[Licensing::Client] Handshaking with LicensingClient:
  Version:                 1.17.4+4293ba1
  Session Id:              89efdd35cd9546c182401240f57e92a2
  Correlation Id:          189514f9948a13dd38ee5a7a72072212
  External correlation Id: 2542568074320712828
  Machine Id:              b/2L51EoM3VmriYId7/D/e8qMHI=
[Licensing::Module] Successfully connected to LicensingClient on channel: "LicenseClient-BASSEL" (connect: 0.00s, validation: 0.00s, handshake: 2.26s)
[Licensing::IpcConnector] Successfully connected to: "LicenseClient-BASSEL-notifications" at "2026-06-08T11:11:42.7276126Z"
[Licensing::Module] Licensing Background thread has ended after 2.26s
[Licensing::Module] Licensing is initialized (took 0.31s).
[Licensing::Client] Successfully resolved entitlement details
[Licensing::Module] License group:
  Id: 7972564005656-UnityPersXXXX
  Product: Unity Personal
  Type: Assigned
  Expiration: Unlimited
Register platform support module: C:/Program Files/Unity/Hub/Editor/6000.3.2f1/Editor/Data/PlaybackEngines/MetroSupport/UnityEditor.UWP.Extensions.dll
[Licensing::Client] Successfully resolved entitlement details
Register platform support module: C:/Program Files/Unity/Hub/Editor/6000.3.2f1/Editor/Data/PlaybackEngines/AndroidPlayer/UnityEditor.Android.Extensions.dll
[Licensing::Client] Successfully resolved entitlement details
Register platform support module: C:/Program Files/Unity/Hub/Editor/6000.3.2f1/Editor/Data/PlaybackEngines/iOSSupport/UnityEditor.iOS.Extensions.dll
Registered in 0.326379 seconds.
- Loaded All Assemblies, in  1.106 seconds
[usbmuxd] Start listen thread
[usbmuxd] Listen thread started
Native extension for iOS target not found
Native extension for Android target not found
Android Extension - Scanning For ADB Devices 351 ms
Native extension for UWP target not found
Native extension for WindowsStandalone target not found
Native extension for WebGL target not found
Mono: successfully reloaded assembly
- Finished resetting the current domain, in  1.045 seconds
Domain Reload Profiling: 2148ms
	BeginReloadAssembly (287ms)
		ExecutionOrderSort (0ms)
		DisableScriptedObjects (0ms)
		BackupInstance (0ms)
		ReleaseScriptingObjects (0ms)
		CreateAndSetChildDomain (2ms)
	RebuildCommonClasses (102ms)
	RebuildNativeTypeToScriptingClass (27ms)
	initialDomainReloadingComplete (402ms)
	LoadAllAssembliesAndSetupDomain (284ms)
		LoadAssemblies (286ms)
		RebuildTransferFunctionScriptingTraits (0ms)
		AnalyzeDomain (276ms)
			TypeCache.Refresh (273ms)
				TypeCache.ScanAssembly (248ms)
			BuildScriptInfoCaches (0ms)
			ResolveRequiredComponents (1ms)
	FinalizeReload (1045ms)
		ReleaseScriptCaches (0ms)
		RebuildScriptCaches (0ms)
		SetupLoadedEditorAssemblies (964ms)
			LogAssemblyErrors (0ms)
			InitializePlatformSupportModulesInManaged (612ms)
			SetLoadedEditorAssemblies (5ms)
			BeforeProcessingInitializeOnLoad (108ms)
			ProcessInitializeOnLoadAttributes (178ms)
			ProcessInitializeOnLoadMethodAttributes (60ms)
			AfterProcessingInitializeOnLoad (0ms)
			EditorAssembliesLoaded (0ms)
		ExecutionOrderSort2 (0ms)
		AwakeInstancesAfterBackupRestoration (0ms)
========================================================================
Worker process is ready to serve import requests
Import Worker Mode flag is 0x00
Begin MonoManager ReloadAssembly
[Licensing::Client] Successfully resolved entitlement details
Symbol file LoadedFromMemory is not a mono symbol file
- Loaded All Assemblies, in  2.989 seconds
Refreshing native plugins compatible for Editor in 1.77 ms, found 4 plugins.
Native extension for iOS target not found
Native extension for Android target not found
Native extension for UWP target not found
Native extension for WindowsStandalone target not found
Native extension for WebGL target not found
Package Manager log level set to [2]
[Package Manager] Failed to launch server process. Reason: Unity was launched with the -noUpm command-line argument
[Package Manager] Unable to send message (not connected to server process).
[Package Manager] Cannot connect to Unity Package Manager local server
[Package Manager] Failed to launch server process. Reason: Unity was launched with the -noUpm command-line argument
[Package Manager] Unable to send message (not connected to server process).
[Package Manager] Cannot connect to Unity Package Manager local server
Mono: successfully reloaded assembly
- Finished resetting the current domain, in  1.291 seconds
Domain Reload Profiling: 4256ms
	BeginReloadAssembly (276ms)
		ExecutionOrderSort (0ms)
		DisableScriptedObjects (6ms)
		BackupInstance (0ms)
		ReleaseScriptingObjects (0ms)
		CreateAndSetChildDomain (36ms)
	RebuildCommonClasses (69ms)
	RebuildNativeTypeToScriptingClass (23ms)
	initialDomainReloadingComplete (153ms)
	LoadAllAssembliesAndSetupDomain (2442ms)
		LoadAssemblies (997ms)
		RebuildTransferFunctionScriptingTraits (0ms)
		AnalyzeDomain (1617ms)
			TypeCache.Refresh (1236ms)
				TypeCache.ScanAssembly (1144ms)
			BuildScriptInfoCaches (346ms)
			ResolveRequiredComponents (26ms)
	FinalizeReload (1293ms)
		ReleaseScriptCaches (0ms)
		RebuildScriptCaches (0ms)
		SetupLoadedEditorAssemblies (1083ms)
			LogAssemblyErrors (0ms)
			InitializePlatformSupportModulesInManaged (45ms)
			SetLoadedEditorAssemblies (13ms)
			BeforeProcessingInitializeOnLoad (276ms)
			ProcessInitializeOnLoadAttributes (574ms)
			ProcessInitializeOnLoadMethodAttributes (170ms)
			AfterProcessingInitializeOnLoad (5ms)
			EditorAssembliesLoaded (0ms)
		ExecutionOrderSort2 (0ms)
		AwakeInstancesAfterBackupRestoration (6ms)
WARNING: Shader Unsupported: 'Hidden/Universal Render Pipeline/Terrain/Lit (Base Pass)' - All subshaders removed
WARNING: Shader Did you use #pragma only_renderers and omit this platform?
WARNING: Shader If subshaders removal was intentional, you may have forgotten turning Fallback off?
WARNING: Shader Unsupported: 'Hidden/Universal Render Pipeline/Terrain/Lit (Base Pass)' - All subshaders removed
WARNING: Shader Did you use #pragma only_renderers and omit this platform?
WARNING: Shader If subshaders removal was intentional, you may have forgotten turning Fallback off?
WARNING: Shader Unsupported: 'Universal Render Pipeline/Terrain/Lit' - All subshaders removed
WARNING: Shader Did you use #pragma only_renderers and omit this platform?
WARNING: Shader If subshaders removal was intentional, you may have forgotten turning Fallback off?
WARNING: Shader Unsupported: 'Universal Render Pipeline/Terrain/Lit' - All subshaders removed
WARNING: Shader Did you use #pragma only_renderers and omit this platform?
WARNING: Shader If subshaders removal was intentional, you may have forgotten turning Fallback off?
Launched and connected shader compiler UnityShaderCompiler.exe after 0.03 seconds
Refreshing native plugins compatible for Editor in 2.50 ms, found 4 plugins.
Preloading 0 native plugins for Editor in 0.00 ms.
Unloading 47 Unused Serialized files (Serialized files now loaded: 0)
Unloading 9213 unused Assets / (8.5 MB). Loaded Objects now: 9899.
Memory consumption went from 170.8 MB to 162.2 MB.
Total: 16.275300 ms (FindLiveObjects: 1.033100 ms CreateObjectMapping: 0.864400 ms MarkObjects: 9.240300 ms  DeleteObjects: 5.132500 ms)

========================================================================
Received Prepare
Begin MonoManager ReloadAssembly
Symbol file LoadedFromMemory is not a mono symbol file
- Loaded All Assemblies, in  1.875 seconds
Refreshing native plugins compatible for Editor in 8.71 ms, found 4 plugins.
Native extension for iOS target not found
Native extension for Android target not found
Native extension for UWP target not found
Native extension for WindowsStandalone target not found
Native extension for WebGL target not found
[Package Manager] Failed to launch server process. Reason: Unity was launched with the -noUpm command-line argument
[Package Manager] Unable to send message (not connected to server process).
[Package Manager] Cannot connect to Unity Package Manager local server
[Package Manager] Failed to launch server process. Reason: Unity was launched with the -noUpm command-line argument
[Package Manager] Unable to send message (not connected to server process).
[Package Manager] Cannot connect to Unity Package Manager local server
Mono: successfully reloaded assembly
- Finished resetting the current domain, in  2.038 seconds
Domain Reload Profiling: 3916ms
	BeginReloadAssembly (442ms)
		ExecutionOrderSort (0ms)
		DisableScriptedObjects (26ms)
		BackupInstance (0ms)
		ReleaseScriptingObjects (0ms)
		CreateAndSetChildDomain (125ms)
	RebuildCommonClasses (75ms)
	RebuildNativeTypeToScriptingClass (26ms)
	initialDomainReloadingComplete (55ms)
	LoadAllAssembliesAndSetupDomain (1279ms)
		LoadAssemblies (908ms)
		RebuildTransferFunctionScriptingTraits (0ms)
		AnalyzeDomain (571ms)
			TypeCache.Refresh (16ms)
				TypeCache.ScanAssembly (0ms)
			BuildScriptInfoCaches (527ms)
			ResolveRequiredComponents (19ms)
	FinalizeReload (2039ms)
		ReleaseScriptCaches (0ms)
		RebuildScriptCaches (0ms)
		SetupLoadedEditorAssemblies (1668ms)
			LogAssemblyErrors (0ms)
			InitializePlatformSupportModulesInManaged (49ms)
			SetLoadedEditorAssemblies (10ms)
			BeforeProcessingInitializeOnLoad (487ms)
			ProcessInitializeOnLoadAttributes (875ms)
			ProcessInitializeOnLoadMethodAttributes (239ms)
			AfterProcessingInitializeOnLoad (7ms)
			EditorAssembliesLoaded (1ms)
		ExecutionOrderSort2 (0ms)
		AwakeInstancesAfterBackupRestoration (12ms)
WARNING: Shader Unsupported: 'Hidden/Universal Render Pipeline/Terrain/Lit (Base Pass)' - All subshaders removed
WARNING: Shader Did you use #pragma only_renderers and omit this platform?
WARNING: Shader If subshaders removal was intentional, you may have forgotten turning Fallback off?
WARNING: Shader Unsupported: 'Hidden/Universal Render Pipeline/Terrain/Lit (Base Pass)' - All subshaders removed
WARNING: Shader Did you use #pragma only_renderers and omit this platform?
WARNING: Shader If subshaders removal was intentional, you may have forgotten turning Fallback off?
WARNING: Shader Unsupported: 'Universal Render Pipeline/Terrain/Lit' - All subshaders removed
WARNING: Shader Did you use #pragma only_renderers and omit this platform?
WARNING: Shader If subshaders removal was intentional, you may have forgotten turning Fallback off?
WARNING: Shader Unsupported: 'Universal Render Pipeline/Terrain/Lit' - All subshaders removed
WARNING: Shader Did you use #pragma only_renderers and omit this platform?
WARNING: Shader If subshaders removal was intentional, you may have forgotten turning Fallback off?
Refreshing native plugins compatible for Editor in 4.98 ms, found 4 plugins.
Preloading 0 native plugins for Editor in 0.00 ms.
Unloading 47 Unused Serialized files (Serialized files now loaded: 0)
Unloading 9211 unused Assets / (7.4 MB). Loaded Objects now: 9906.
Memory consumption went from 171.3 MB to 163.9 MB.
Total: 22.279000 ms (FindLiveObjects: 3.134500 ms CreateObjectMapping: 1.208900 ms MarkObjects: 12.143100 ms  DeleteObjects: 5.790000 ms)

Prepare: number of updated asset objects reloaded= 0
========================================================================
Received Prepare
WARNING: Shader Unsupported: 'Hidden/Universal Render Pipeline/Terrain/Lit (Base Pass)' - All subshaders removed
WARNING: Shader Did you use #pragma only_renderers and omit this platform?
WARNING: Shader If subshaders removal was intentional, you may have forgotten turning Fallback off?
WARNING: Shader Unsupported: 'Hidden/Universal Render Pipeline/Terrain/Lit (Base Pass)' - All subshaders removed
WARNING: Shader Did you use #pragma only_renderers and omit this platform?
WARNING: Shader If subshaders removal was intentional, you may have forgotten turning Fallback off?
WARNING: Shader Unsupported: 'Universal Render Pipeline/Terrain/Lit' - All subshaders removed
WARNING: Shader Did you use #pragma only_renderers and omit this platform?
WARNING: Shader If subshaders removal was intentional, you may have forgotten turning Fallback off?
WARNING: Shader Unsupported: 'Universal Render Pipeline/Terrain/Lit' - All subshaders removed
WARNING: Shader Did you use #pragma only_renderers and omit this platform?
WARNING: Shader If subshaders removal was intentional, you may have forgotten turning Fallback off?
Refreshing native plugins compatible for Editor in 3.09 ms, found 4 plugins.
Preloading 0 native plugins for Editor in 0.00 ms.
Unloading 47 Unused Serialized files (Serialized files now loaded: 0)
Unloading 9197 unused Assets / (8.1 MB). Loaded Objects now: 9906.
Memory consumption went from 171.4 MB to 163.3 MB.
Total: 22.053700 ms (FindLiveObjects: 1.149800 ms CreateObjectMapping: 1.323300 ms MarkObjects: 14.782000 ms  DeleteObjects: 4.795700 ms)

Prepare: number of updated asset objects reloaded= 0
========================================================================
Received Prepare
WARNING: Shader Unsupported: 'Hidden/Universal Render Pipeline/Terrain/Lit (Base Pass)' - All subshaders removed
WARNING: Shader Did you use #pragma only_renderers and omit this platform?
WARNING: Shader If subshaders removal was intentional, you may have forgotten turning Fallback off?
WARNING: Shader Unsupported: 'Hidden/Universal Render Pipeline/Terrain/Lit (Base Pass)' - All subshaders removed
WARNING: Shader Did you use #pragma only_renderers and omit this platform?
WARNING: Shader If subshaders removal was intentional, you may have forgotten turning Fallback off?
WARNING: Shader Unsupported: 'Universal Render Pipeline/Terrain/Lit' - All subshaders removed
WARNING: Shader Did you use #pragma only_renderers and omit this platform?
WARNING: Shader If subshaders removal was intentional, you may have forgotten turning Fallback off?
WARNING: Shader Unsupported: 'Universal Render Pipeline/Terrain/Lit' - All subshaders removed
WARNING: Shader Did you use #pragma only_renderers and omit this platform?
WARNING: Shader If subshaders removal was intentional, you may have forgotten turning Fallback off?
Refreshing native plugins compatible for Editor in 2.87 ms, found 4 plugins.
Preloading 0 native plugins for Editor in 0.00 ms.
Unloading 47 Unused Serialized files (Serialized files now loaded: 0)
Unloading 9197 unused Assets / (8.2 MB). Loaded Objects now: 9906.
Memory consumption went from 171.5 MB to 163.3 MB.
Total: 16.807100 ms (FindLiveObjects: 0.985600 ms CreateObjectMapping: 0.954800 ms MarkObjects: 10.086000 ms  DeleteObjects: 4.778700 ms)

Prepare: number of updated asset objects reloaded= 0
========================================================================
Received Prepare
WARNING: Shader Unsupported: 'Hidden/Universal Render Pipeline/Terrain/Lit (Base Pass)' - All subshaders removed
WARNING: Shader Did you use #pragma only_renderers and omit this platform?
WARNING: Shader If subshaders removal was intentional, you may have forgotten turning Fallback off?
WARNING: Shader Unsupported: 'Hidden/Universal Render Pipeline/Terrain/Lit (Base Pass)' - All subshaders removed
WARNING: Shader Did you use #pragma only_renderers and omit this platform?
WARNING: Shader If subshaders removal was intentional, you may have forgotten turning Fallback off?
WARNING: Shader Unsupported: 'Universal Render Pipeline/Terrain/Lit' - All subshaders removed
WARNING: Shader Did you use #pragma only_renderers and omit this platform?
WARNING: Shader If subshaders removal was intentional, you may have forgotten turning Fallback off?
WARNING: Shader Unsupported: 'Universal Render Pipeline/Terrain/Lit' - All subshaders removed
WARNING: Shader Did you use #pragma only_renderers and omit this platform?
WARNING: Shader If subshaders removal was intentional, you may have forgotten turning Fallback off?
Refreshing native plugins compatible for Editor in 3.27 ms, found 4 plugins.
Preloading 0 native plugins for Editor in 0.00 ms.
Unloading 47 Unused Serialized files (Serialized files now loaded: 0)
Unloading 9197 unused Assets / (7.2 MB). Loaded Objects now: 9906.
Memory consumption went from 171.4 MB to 164.3 MB.
Total: 23.081100 ms (FindLiveObjects: 1.757300 ms CreateObjectMapping: 1.167100 ms MarkObjects: 13.087700 ms  DeleteObjects: 7.061100 ms)

Prepare: number of updated asset objects reloaded= 0
========================================================================
Received Prepare
WARNING: Shader Unsupported: 'Hidden/Universal Render Pipeline/Terrain/Lit (Base Pass)' - All subshaders removed
WARNING: Shader Did you use #pragma only_renderers and omit this platform?
WARNING: Shader If subshaders removal was intentional, you may have forgotten turning Fallback off?
WARNING: Shader Unsupported: 'Hidden/Universal Render Pipeline/Terrain/Lit (Base Pass)' - All subshaders removed
WARNING: Shader Did you use #pragma only_renderers and omit this platform?
WARNING: Shader If subshaders removal was intentional, you may have forgotten turning Fallback off?
WARNING: Shader Unsupported: 'Universal Render Pipeline/Terrain/Lit' - All subshaders removed
WARNING: Shader Did you use #pragma only_renderers and omit this platform?
WARNING: Shader If subshaders removal was intentional, you may have forgotten turning Fallback off?
WARNING: Shader Unsupported: 'Universal Render Pipeline/Terrain/Lit' - All subshaders removed
WARNING: Shader Did you use #pragma only_renderers and omit this platform?
WARNING: Shader If subshaders removal was intentional, you may have forgotten turning Fallback off?
Refreshing native plugins compatible for Editor in 4.32 ms, found 4 plugins.
Preloading 0 native plugins for Editor in 0.00 ms.
Unloading 47 Unused Serialized files (Serialized files now loaded: 0)
Unloading 9197 unused Assets / (7.6 MB). Loaded Objects now: 9906.
Memory consumption went from 171.4 MB to 163.9 MB.
Total: 29.810900 ms (FindLiveObjects: 3.854000 ms CreateObjectMapping: 1.239700 ms MarkObjects: 18.668400 ms  DeleteObjects: 6.044800 ms)

Prepare: number of updated asset objects reloaded= 0
========================================================================
Received Prepare
WARNING: Shader Unsupported: 'Hidden/Universal Render Pipeline/Terrain/Lit (Base Pass)' - All subshaders removed
WARNING: Shader Did you use #pragma only_renderers and omit this platform?
WARNING: Shader If subshaders removal was intentional, you may have forgotten turning Fallback off?
WARNING: Shader Unsupported: 'Hidden/Universal Render Pipeline/Terrain/Lit (Base Pass)' - All subshaders removed
WARNING: Shader Did you use #pragma only_renderers and omit this platform?
WARNING: Shader If subshaders removal was intentional, you may have forgotten turning Fallback off?
WARNING: Shader Unsupported: 'Universal Render Pipeline/Terrain/Lit' - All subshaders removed
WARNING: Shader Did you use #pragma only_renderers and omit this platform?
WARNING: Shader If subshaders removal was intentional, you may have forgotten turning Fallback off?
WARNING: Shader Unsupported: 'Universal Render Pipeline/Terrain/Lit' - All subshaders removed
WARNING: Shader Did you use #pragma only_renderers and omit this platform?
WARNING: Shader If subshaders removal was intentional, you may have forgotten turning Fallback off?
Refreshing native plugins compatible for Editor in 7.26 ms, found 4 plugins.
Preloading 0 native plugins for Editor in 0.00 ms.
Unloading 47 Unused Serialized files (Serialized files now loaded: 0)
Unloading 9197 unused Assets / (8.1 MB). Loaded Objects now: 9906.
Memory consumption went from 171.5 MB to 163.4 MB.
Total: 29.620200 ms (FindLiveObjects: 2.322700 ms CreateObjectMapping: 2.303200 ms MarkObjects: 17.368900 ms  DeleteObjects: 7.622500 ms)

Prepare: number of updated asset objects reloaded= 0
========================================================================
Received Prepare
WARNING: Shader Unsupported: 'Hidden/Universal Render Pipeline/Terrain/Lit (Base Pass)' - All subshaders removed
WARNING: Shader Did you use #pragma only_renderers and omit this platform?
WARNING: Shader If subshaders removal was intentional, you may have forgotten turning Fallback off?
WARNING: Shader Unsupported: 'Hidden/Universal Render Pipeline/Terrain/Lit (Base Pass)' - All subshaders removed
WARNING: Shader Did you use #pragma only_renderers and omit this platform?
WARNING: Shader If subshaders removal was intentional, you may have forgotten turning Fallback off?
WARNING: Shader Unsupported: 'Universal Render Pipeline/Terrain/Lit' - All subshaders removed
WARNING: Shader Did you use #pragma only_renderers and omit this platform?
WARNING: Shader If subshaders removal was intentional, you may have forgotten turning Fallback off?
WARNING: Shader Unsupported: 'Universal Render Pipeline/Terrain/Lit' - All subshaders removed
WARNING: Shader Did you use #pragma only_renderers and omit this platform?
WARNING: Shader If subshaders removal was intentional, you may have forgotten turning Fallback off?
Refreshing native plugins compatible for Editor in 7.70 ms, found 4 plugins.
Preloading 0 native plugins for Editor in 0.00 ms.
Unloading 47 Unused Serialized files (Serialized files now loaded: 0)
Unloading 9197 unused Assets / (8.4 MB). Loaded Objects now: 9906.
Memory consumption went from 171.4 MB to 163.0 MB.
Total: 41.427000 ms (FindLiveObjects: 5.703500 ms CreateObjectMapping: 2.157100 ms MarkObjects: 23.482400 ms  DeleteObjects: 10.079700 ms)

Prepare: number of updated asset objects reloaded= 0
========================================================================
Received Prepare
WARNING: Shader Unsupported: 'Hidden/Universal Render Pipeline/Terrain/Lit (Base Pass)' - All subshaders removed
WARNING: Shader Did you use #pragma only_renderers and omit this platform?
WARNING: Shader If subshaders removal was intentional, you may have forgotten turning Fallback off?
WARNING: Shader Unsupported: 'Hidden/Universal Render Pipeline/Terrain/Lit (Base Pass)' - All subshaders removed
WARNING: Shader Did you use #pragma only_renderers and omit this platform?
WARNING: Shader If subshaders removal was intentional, you may have forgotten turning Fallback off?
WARNING: Shader Unsupported: 'Universal Render Pipeline/Terrain/Lit' - All subshaders removed
WARNING: Shader Did you use #pragma only_renderers and omit this platform?
WARNING: Shader If subshaders removal was intentional, you may have forgotten turning Fallback off?
WARNING: Shader Unsupported: 'Universal Render Pipeline/Terrain/Lit' - All subshaders removed
WARNING: Shader Did you use #pragma only_renderers and omit this platform?
WARNING: Shader If subshaders removal was intentional, you may have forgotten turning Fallback off?
Refreshing native plugins compatible for Editor in 5.48 ms, found 4 plugins.
Preloading 0 native plugins for Editor in 0.00 ms.
Unloading 47 Unused Serialized files (Serialized files now loaded: 0)
Unloading 9197 unused Assets / (8.3 MB). Loaded Objects now: 9906.
Memory consumption went from 171.5 MB to 163.2 MB.
Total: 27.712000 ms (FindLiveObjects: 2.396100 ms CreateObjectMapping: 2.468000 ms MarkObjects: 14.912200 ms  DeleteObjects: 7.932200 ms)

Prepare: number of updated asset objects reloaded= 0
========================================================================
Received Prepare
WARNING: Shader Unsupported: 'Hidden/Universal Render Pipeline/Terrain/Lit (Base Pass)' - All subshaders removed
WARNING: Shader Did you use #pragma only_renderers and omit this platform?
WARNING: Shader If subshaders removal was intentional, you may have forgotten turning Fallback off?
WARNING: Shader Unsupported: 'Hidden/Universal Render Pipeline/Terrain/Lit (Base Pass)' - All subshaders removed
WARNING: Shader Did you use #pragma only_renderers and omit this platform?
WARNING: Shader If subshaders removal was intentional, you may have forgotten turning Fallback off?
WARNING: Shader Unsupported: 'Universal Render Pipeline/Terrain/Lit' - All subshaders removed
WARNING: Shader Did you use #pragma only_renderers and omit this platform?
WARNING: Shader If subshaders removal was intentional, you may have forgotten turning Fallback off?
WARNING: Shader Unsupported: 'Universal Render Pipeline/Terrain/Lit' - All subshaders removed
WARNING: Shader Did you use #pragma only_renderers and omit this platform?
WARNING: Shader If subshaders removal was intentional, you may have forgotten turning Fallback off?
Refreshing native plugins compatible for Editor in 3.06 ms, found 4 plugins.
Preloading 0 native plugins for Editor in 0.00 ms.
Unloading 47 Unused Serialized files (Serialized files now loaded: 0)
Unloading 9197 unused Assets / (6.6 MB). Loaded Objects now: 9906.
Memory consumption went from 171.4 MB to 164.9 MB.
Total: 22.051100 ms (FindLiveObjects: 2.196300 ms CreateObjectMapping: 1.921900 ms MarkObjects: 12.318100 ms  DeleteObjects: 5.612200 ms)

Prepare: number of updated asset objects reloaded= 0
========================================================================
Received Prepare
WARNING: Shader Unsupported: 'Hidden/Universal Render Pipeline/Terrain/Lit (Base Pass)' - All subshaders removed
WARNING: Shader Did you use #pragma only_renderers and omit this platform?
WARNING: Shader If subshaders removal was intentional, you may have forgotten turning Fallback off?
WARNING: Shader Unsupported: 'Hidden/Universal Render Pipeline/Terrain/Lit (Base Pass)' - All subshaders removed
WARNING: Shader Did you use #pragma only_renderers and omit this platform?
WARNING: Shader If subshaders removal was intentional, you may have forgotten turning Fallback off?
WARNING: Shader Unsupported: 'Universal Render Pipeline/Terrain/Lit' - All subshaders removed
WARNING: Shader Did you use #pragma only_renderers and omit this platform?
WARNING: Shader If subshaders removal was intentional, you may have forgotten turning Fallback off?
WARNING: Shader Unsupported: 'Universal Render Pipeline/Terrain/Lit' - All subshaders removed
WARNING: Shader Did you use #pragma only_renderers and omit this platform?
WARNING: Shader If subshaders removal was intentional, you may have forgotten turning Fallback off?
Refreshing native plugins compatible for Editor in 3.44 ms, found 4 plugins.
Preloading 0 native plugins for Editor in 0.00 ms.
Unloading 47 Unused Serialized files (Serialized files now loaded: 0)
Unloading 9197 unused Assets / (8.4 MB). Loaded Objects now: 9906.
Memory consumption went from 171.4 MB to 163.1 MB.
Total: 27.903700 ms (FindLiveObjects: 2.208100 ms CreateObjectMapping: 1.859800 ms MarkObjects: 15.174000 ms  DeleteObjects: 8.658800 ms)

Prepare: number of updated asset objects reloaded= 0
========================================================================
Received Prepare
WARNING: Shader Unsupported: 'Hidden/Universal Render Pipeline/Terrain/Lit (Base Pass)' - All subshaders removed
WARNING: Shader Did you use #pragma only_renderers and omit this platform?
WARNING: Shader If subshaders removal was intentional, you may have forgotten turning Fallback off?
WARNING: Shader Unsupported: 'Hidden/Universal Render Pipeline/Terrain/Lit (Base Pass)' - All subshaders removed
WARNING: Shader Did you use #pragma only_renderers and omit this platform?
WARNING: Shader If subshaders removal was intentional, you may have forgotten turning Fallback off?
WARNING: Shader Unsupported: 'Universal Render Pipeline/Terrain/Lit' - All subshaders removed
WARNING: Shader Did you use #pragma only_renderers and omit this platform?
WARNING: Shader If subshaders removal was intentional, you may have forgotten turning Fallback off?
WARNING: Shader Unsupported: 'Universal Render Pipeline/Terrain/Lit' - All subshaders removed
WARNING: Shader Did you use #pragma only_renderers and omit this platform?
WARNING: Shader If subshaders removal was intentional, you may have forgotten turning Fallback off?
Refreshing native plugins compatible for Editor in 6.12 ms, found 4 plugins.
Preloading 0 native plugins for Editor in 0.00 ms.
Unloading 47 Unused Serialized files (Serialized files now loaded: 0)
Unloading 9197 unused Assets / (7.6 MB). Loaded Objects now: 9906.
Memory consumption went from 171.4 MB to 163.8 MB.
Total: 27.018900 ms (FindLiveObjects: 1.601700 ms CreateObjectMapping: 1.169400 ms MarkObjects: 16.676900 ms  DeleteObjects: 7.567600 ms)

Prepare: number of updated asset objects reloaded= 0
========================================================================
Received Prepare
WARNING: Shader Unsupported: 'Hidden/Universal Render Pipeline/Terrain/Lit (Base Pass)' - All subshaders removed
WARNING: Shader Did you use #pragma only_renderers and omit this platform?
WARNING: Shader If subshaders removal was intentional, you may have forgotten turning Fallback off?
WARNING: Shader Unsupported: 'Hidden/Universal Render Pipeline/Terrain/Lit (Base Pass)' - All subshaders removed
WARNING: Shader Did you use #pragma only_renderers and omit this platform?
WARNING: Shader If subshaders removal was intentional, you may have forgotten turning Fallback off?
WARNING: Shader Unsupported: 'Universal Render Pipeline/Terrain/Lit' - All subshaders removed
WARNING: Shader Did you use #pragma only_renderers and omit this platform?
WARNING: Shader If subshaders removal was intentional, you may have forgotten turning Fallback off?
WARNING: Shader Unsupported: 'Universal Render Pipeline/Terrain/Lit' - All subshaders removed
WARNING: Shader Did you use #pragma only_renderers and omit this platform?
WARNING: Shader If subshaders removal was intentional, you may have forgotten turning Fallback off?
Refreshing native plugins compatible for Editor in 5.98 ms, found 4 plugins.
Preloading 0 native plugins for Editor in 0.00 ms.
Unloading 47 Unused Serialized files (Serialized files now loaded: 0)
Unloading 9197 unused Assets / (7.6 MB). Loaded Objects now: 9906.
Memory consumption went from 171.4 MB to 163.8 MB.
Total: 28.049400 ms (FindLiveObjects: 1.411200 ms CreateObjectMapping: 1.714200 ms MarkObjects: 17.870800 ms  DeleteObjects: 7.050500 ms)

Prepare: number of updated asset objects reloaded= 0
========================================================================
Received Prepare
WARNING: Shader Unsupported: 'Hidden/Universal Render Pipeline/Terrain/Lit (Base Pass)' - All subshaders removed
WARNING: Shader Did you use #pragma only_renderers and omit this platform?
WARNING: Shader If subshaders removal was intentional, you may have forgotten turning Fallback off?
WARNING: Shader Unsupported: 'Hidden/Universal Render Pipeline/Terrain/Lit (Base Pass)' - All subshaders removed
WARNING: Shader Did you use #pragma only_renderers and omit this platform?
WARNING: Shader If subshaders removal was intentional, you may have forgotten turning Fallback off?
WARNING: Shader Unsupported: 'Universal Render Pipeline/Terrain/Lit' - All subshaders removed
WARNING: Shader Did you use #pragma only_renderers and omit this platform?
WARNING: Shader If subshaders removal was intentional, you may have forgotten turning Fallback off?
WARNING: Shader Unsupported: 'Universal Render Pipeline/Terrain/Lit' - All subshaders removed
WARNING: Shader Did you use #pragma only_renderers and omit this platform?
WARNING: Shader If subshaders removal was intentional, you may have forgotten turning Fallback off?
Refreshing native plugins compatible for Editor in 4.07 ms, found 4 plugins.
Preloading 0 native plugins for Editor in 0.00 ms.
Unloading 47 Unused Serialized files (Serialized files now loaded: 0)
Unloading 9197 unused Assets / (8.3 MB). Loaded Objects now: 9906.
Memory consumption went from 171.5 MB to 163.2 MB.
Total: 26.224500 ms (FindLiveObjects: 2.299200 ms CreateObjectMapping: 2.127500 ms MarkObjects: 13.532800 ms  DeleteObjects: 8.262200 ms)

Prepare: number of updated asset objects reloaded= 0
========================================================================
Received Import Request.
  Time since last request: 1436245.207362 seconds.
  path: Assets/scripts/ConnectionStatus.cs
  artifactKey: Guid(175ee92ed7adf44168925c6c0f1248b4) Importer(2089858483,b0f066a214c2f5e87bad3c948f4d605d)
Start importing Assets/scripts/ConnectionStatus.cs using Guid(175ee92ed7adf44168925c6c0f1248b4) Importer(2089858483,b0f066a214c2f5e87bad3c948f4d605d) (ScriptedImporter) -> (artifact id: '0e8e016b834455cfcbccb044d5183b85') in 0.5985665 seconds
Number of updated asset objects reloaded before import = 0Number of asset objects unloaded after import = 0

========================================================================
Received Prepare
Begin MonoManager ReloadAssembly
Symbol file LoadedFromMemory is not a mono symbol file
- Loaded All Assemblies, in  2.030 seconds
Refreshing native plugins compatible for Editor in 3.17 ms, found 4 plugins.
Native extension for iOS target not found
Native extension for Android target not found
Native extension for UWP target not found
Native extension for WindowsStandalone target not found
Native extension for WebGL target not found
[Package Manager] Failed to launch server process. Reason: Unity was launched with the -noUpm command-line argument
[Package Manager] Unable to send message (not connected to server process).
[Package Manager] Cannot connect to Unity Package Manager local server
[Package Manager] Failed to launch server process. Reason: Unity was launched with the -noUpm command-line argument
[Package Manager] Unable to send message (not connected to server process).
[Package Manager] Cannot connect to Unity Package Manager local server
Mono: successfully reloaded assembly
- Finished resetting the current domain, in  1.688 seconds
Domain Reload Profiling: 3720ms
	BeginReloadAssembly (461ms)
		ExecutionOrderSort (0ms)
		DisableScriptedObjects (26ms)
		BackupInstance (0ms)
		ReleaseScriptingObjects (0ms)
		CreateAndSetChildDomain (158ms)
	RebuildCommonClasses (63ms)
	RebuildNativeTypeToScriptingClass (27ms)
	initialDomainReloadingComplete (58ms)
	LoadAllAssembliesAndSetupDomain (1421ms)
		LoadAssemblies (1019ms)
		RebuildTransferFunctionScriptingTraits (0ms)
		AnalyzeDomain (588ms)
			TypeCache.Refresh (33ms)
				TypeCache.ScanAssembly (2ms)
			BuildScriptInfoCaches (518ms)
			ResolveRequiredComponents (22ms)
	FinalizeReload (1689ms)
		ReleaseScriptCaches (0ms)
		RebuildScriptCaches (0ms)
		SetupLoadedEditorAssemblies (1358ms)
			LogAssemblyErrors (0ms)
			InitializePlatformSupportModulesInManaged (47ms)
			SetLoadedEditorAssemblies (9ms)
			BeforeProcessingInitializeOnLoad (413ms)
			ProcessInitializeOnLoadAttributes (644ms)
			ProcessInitializeOnLoadMethodAttributes (237ms)
			AfterProcessingInitializeOnLoad (7ms)
			EditorAssembliesLoaded (1ms)
		ExecutionOrderSort2 (0ms)
		AwakeInstancesAfterBackupRestoration (16ms)
WARNING: Shader Unsupported: 'Hidden/Universal Render Pipeline/Terrain/Lit (Base Pass)' - All subshaders removed
WARNING: Shader Did you use #pragma only_renderers and omit this platform?
WARNING: Shader If subshaders removal was intentional, you may have forgotten turning Fallback off?
WARNING: Shader Unsupported: 'Hidden/Universal Render Pipeline/Terrain/Lit (Base Pass)' - All subshaders removed
WARNING: Shader Did you use #pragma only_renderers and omit this platform?
WARNING: Shader If subshaders removal was intentional, you may have forgotten turning Fallback off?
WARNING: Shader Unsupported: 'Universal Render Pipeline/Terrain/Lit' - All subshaders removed
WARNING: Shader Did you use #pragma only_renderers and omit this platform?
WARNING: Shader If subshaders removal was intentional, you may have forgotten turning Fallback off?
WARNING: Shader Unsupported: 'Universal Render Pipeline/Terrain/Lit' - All subshaders removed
WARNING: Shader Did you use #pragma only_renderers and omit this platform?
WARNING: Shader If subshaders removal was intentional, you may have forgotten turning Fallback off?
Refreshing native plugins compatible for Editor in 5.55 ms, found 4 plugins.
Preloading 0 native plugins for Editor in 0.00 ms.
Unloading 47 Unused Serialized files (Serialized files now loaded: 0)
Unloading 9211 unused Assets / (7.7 MB). Loaded Objects now: 9914.
Memory consumption went from 172.1 MB to 164.4 MB.
Total: 31.912800 ms (FindLiveObjects: 3.209000 ms CreateObjectMapping: 2.248500 ms MarkObjects: 17.697200 ms  DeleteObjects: 8.754200 ms)

Prepare: number of updated asset objects reloaded= 0
========================================================================
Received Import Request.
  Time since last request: 48.344420 seconds.
  path: Assets/Scenes
  artifactKey: Guid(acc63311e110e374a872e5eadeb208df) Importer(2089858483,b0f066a214c2f5e87bad3c948f4d605d)
Start importing Assets/Scenes using Guid(acc63311e110e374a872e5eadeb208df) Importer(2089858483,b0f066a214c2f5e87bad3c948f4d605d) (ScriptedImporter) -> (artifact id: '468c89ae33dd54d1831bf7457d65d1ba') in 0.1182808 seconds
Number of updated asset objects reloaded before import = 0Number of asset objects unloaded after import = 1

========================================================================
Received Import Request.
  Time since last request: 2.014760 seconds.
  path: Assets/2D Platformer/Prefabs/Enemy.prefab
  artifactKey: Guid(23035e71af28fbb46a389ba66a0a5430) Importer(815301076,1909f56bfc062723c751e8b465ee728b)
Start importing Assets/2D Platformer/Prefabs/Enemy.prefab using Guid(23035e71af28fbb46a389ba66a0a5430) Importer(815301076,1909f56bfc062723c751e8b465ee728b) (PreviewImporter) -> (artifact id: 'd08ae8d5589f8a936f49b884c9751242') in 0.1821478 seconds
Number of updated asset objects reloaded before import = 0Number of asset objects unloaded after import = 16

========================================================================
Received Import Request.
  Time since last request: 4.633558 seconds.
  path: Assets/Prefabs
  artifactKey: Guid(94ee317d1b63c114d8b4d1c0ba7bed9e) Importer(2089858483,b0f066a214c2f5e87bad3c948f4d605d)
Start importing Assets/Prefabs using Guid(94ee317d1b63c114d8b4d1c0ba7bed9e) Importer(2089858483,b0f066a214c2f5e87bad3c948f4d605d) (ScriptedImporter) -> (artifact id: '94434834e5b86a3326613feb74844963') in 0.0480323 seconds
Number of updated asset objects reloaded before import = 0Number of asset objects unloaded after import = 1

========================================================================
Received Import Request.
  Time since last request: 0.000225 seconds.
  path: Assets/Prefabs/spikes.prefab
  artifactKey: Guid(b64545fff281d9145b8bb5f430dbe34e) Importer(2089858483,b0f066a214c2f5e87bad3c948f4d605d)
Start importing Assets/Prefabs/spikes.prefab using Guid(b64545fff281d9145b8bb5f430dbe34e) Importer(2089858483,b0f066a214c2f5e87bad3c948f4d605d) (ScriptedImporter) -> (artifact id: 'a2efe0ed17a7cf63e8c5e78525700a20') in 0.1491803 seconds
Number of updated asset objects reloaded before import = 0Number of asset objects unloaded after import = 8

========================================================================
Received Import Request.
  Time since last request: 0.000028 seconds.
  path: Assets/Prefabs/Player.prefab
  artifactKey: Guid(a3dc7dd79a2fbc341a3fc828503f1ca9) Importer(2089858483,b0f066a214c2f5e87bad3c948f4d605d)
Start importing Assets/Prefabs/Player.prefab using Guid(a3dc7dd79a2fbc341a3fc828503f1ca9) Importer(2089858483,b0f066a214c2f5e87bad3c948f4d605d) (ScriptedImporter) -> (artifact id: 'e123a64c55776d25f261397fc44d1c51') in 0.076733 seconds
Number of updated asset objects reloaded before import = 0Number of asset objects unloaded after import = 26

========================================================================
Received Import Request.
  Time since last request: 12.513332 seconds.
  path: Assets/2D Platformer/2D Assets
  artifactKey: Guid(06e8b4b3ca6e7cb40a14e0a1f22a383c) Importer(815301076,1909f56bfc062723c751e8b465ee728b)
Start importing Assets/2D Platformer/2D Assets using Guid(06e8b4b3ca6e7cb40a14e0a1f22a383c) Importer(815301076,1909f56bfc062723c751e8b465ee728b) (PreviewImporter) -> (artifact id: '1e998359044d0c18c9a4bdd91cda362a') in 0.0007884 seconds
Number of updated asset objects reloaded before import = 0Number of asset objects unloaded after import = 0

========================================================================
Received Import Request.
  Time since last request: 0.906967 seconds.
  path: Assets/2D Platformer/2D Assets/player2/jump
  artifactKey: Guid(fbbee6ed33a104458b9fbfa89dc2a37f) Importer(2089858483,b0f066a214c2f5e87bad3c948f4d605d)
Start importing Assets/2D Platformer/2D Assets/player2/jump using Guid(fbbee6ed33a104458b9fbfa89dc2a37f) Importer(2089858483,b0f066a214c2f5e87bad3c948f4d605d) (ScriptedImporter) -> (artifact id: 'fb0cee3317919d2663b592daafd08cf6') in 0.0487767 seconds
Number of updated asset objects reloaded before import = 0Number of asset objects unloaded after import = 1

========================================================================
Received Import Request.
  Time since last request: 0.000110 seconds.
  path: Assets/2D Platformer/2D Assets/TilePalette/ground(2).asset
  artifactKey: Guid(cb6b50376505c9d4d857b4507a64510c) Importer(2089858483,b0f066a214c2f5e87bad3c948f4d605d)
Start importing Assets/2D Platformer/2D Assets/TilePalette/ground(2).asset using Guid(cb6b50376505c9d4d857b4507a64510c) Importer(2089858483,b0f066a214c2f5e87bad3c948f4d605d) (ScriptedImporter) -> (artifact id: '0fddf75c864791c2a123aff82f2510bf') in 0.0425828 seconds
Number of updated asset objects reloaded before import = 0Number of asset objects unloaded after import = 2

========================================================================
Received Import Request.
  Time since last request: 0.000024 seconds.
  path: Assets/2D Platformer/2D Assets/TilePalette
  artifactKey: Guid(86819af4da9ea7e43b81f4bd012331c4) Importer(2089858483,b0f066a214c2f5e87bad3c948f4d605d)
Start importing Assets/2D Platformer/2D Assets/TilePalette using Guid(86819af4da9ea7e43b81f4bd012331c4) Importer(2089858483,b0f066a214c2f5e87bad3c948f4d605d) (ScriptedImporter) -> (artifact id: 'a381006b02424ea0e5bd460c904ea39e') in 0.0254293 seconds
Number of updated asset objects reloaded before import = 0Number of asset objects unloaded after import = 1

========================================================================
Received Import Request.
  Time since last request: 0.000149 seconds.
  path: Assets/2D Platformer/2D Assets/player/run/run(1).png
  artifactKey: Guid(76a96e93d8d4142fcb23f7d7d9abb878) Importer(2089858483,b0f066a214c2f5e87bad3c948f4d605d)
Start importing Assets/2D Platformer/2D Assets/player/run/run(1).png using Guid(76a96e93d8d4142fcb23f7d7d9abb878) Importer(2089858483,b0f066a214c2f5e87bad3c948f4d605d) (ScriptedImporter)[Licensing::Client] Successfully resolved entitlement details
[Licensing::Client] Successfully resolved entitlement details
[Licensing::Client] Successfully resolved entitlement details
 -> (artifact id: '9a175843cbd67c3a1f47bc844b657799') in 0.1273875 seconds
Number of updated asset objects reloaded before import = 0Number of asset objects unloaded after import = 3

========================================================================
Received Import Request.
  Time since last request: 0.000053 seconds.
  path: Assets/2D Platformer/2D Assets/player/jump/jump.png
  artifactKey: Guid(53cee12b422234294b0dc87b2fb539bb) Importer(2089858483,b0f066a214c2f5e87bad3c948f4d605d)
Start importing Assets/2D Platformer/2D Assets/player/jump/jump.png using Guid(53cee12b422234294b0dc87b2fb539bb) Importer(2089858483,b0f066a214c2f5e87bad3c948f4d605d) (ScriptedImporter) -> (artifact id: 'ed1a9a7b3172c45f5071372eba2718a4') in 0.0530855 seconds
Number of updated asset objects reloaded before import = 0Number of asset objects unloaded after import = 3

========================================================================
Received Import Request.
  Time since last request: 0.000056 seconds.
  path: Assets/2D Platformer/2D Assets/ground(1).png
  artifactKey: Guid(5b886b82f922e0e48a17424c82f1157e) Importer(2089858483,b0f066a214c2f5e87bad3c948f4d605d)
Start importing Assets/2D Platformer/2D Assets/ground(1).png using Guid(5b886b82f922e0e48a17424c82f1157e) Importer(2089858483,b0f066a214c2f5e87bad3c948f4d605d) (ScriptedImporter) -> (artifact id: 'e52b1b797601fdb34b6d62aa65723647') in 0.035716 seconds
Number of updated asset objects reloaded before import = 0Number of asset objects unloaded after import = 3

========================================================================
Received Import Request.
  Time since last request: 0.000035 seconds.
  path: Assets/2D Platformer/2D Assets/ground(11).png
  artifactKey: Guid(d2471cfb0dd33ee4dba51435c78ce36c) Importer(2089858483,b0f066a214c2f5e87bad3c948f4d605d)
Start importing Assets/2D Platformer/2D Assets/ground(11).png using Guid(d2471cfb0dd33ee4dba51435c78ce36c) Importer(2089858483,b0f066a214c2f5e87bad3c948f4d605d) (ScriptedImporter) -> (artifact id: '7a87f16e9ec0f29762cb57e7c1366ae0') in 0.0342589 seconds
Number of updated asset objects reloaded before import = 0Number of asset objects unloaded after import = 3

========================================================================
Received Import Request.
  Time since last request: 0.000041 seconds.
  path: Assets/2D Platformer/2D Assets/player3/idle
  artifactKey: Guid(9e3686807ed1a46ed8054ac415496372) Importer(2089858483,b0f066a214c2f5e87bad3c948f4d605d)
Start importing Assets/2D Platformer/2D Assets/player3/idle using Guid(9e3686807ed1a46ed8054ac415496372) Importer(2089858483,b0f066a214c2f5e87bad3c948f4d605d) (ScriptedImporter) -> (artifact id: '5fcff1339bebf5d9c45a794dde0c1abf') in 0.0227625 seconds
Number of updated asset objects reloaded before import = 0Number of asset objects unloaded after import = 1

========================================================================
Received Import Request.
  Time since last request: 0.000207 seconds.
  path: Assets/2D Platformer/2D Assets/TilePalette/ground(10).asset
  artifactKey: Guid(772047f13d73e23439273d355296b16c) Importer(2089858483,b0f066a214c2f5e87bad3c948f4d605d)
Start importing Assets/2D Platformer/2D Assets/TilePalette/ground(10).asset using Guid(772047f13d73e23439273d355296b16c) Importer(2089858483,b0f066a214c2f5e87bad3c948f4d605d) (ScriptedImporter) -> (artifact id: '1b91e615a57fe7499804571366e7a28e') in 0.0299646 seconds
Number of updated asset objects reloaded before import = 0Number of asset objects unloaded after import = 2

========================================================================
Received Import Request.
  Time since last request: 0.000048 seconds.
  path: Assets/2D Platformer/2D Assets/ground(4).png
  artifactKey: Guid(b62db2b0e7231ed45b6897aafc8846af) Importer(2089858483,b0f066a214c2f5e87bad3c948f4d605d)
Start importing Assets/2D Platformer/2D Assets/ground(4).png using Guid(b62db2b0e7231ed45b6897aafc8846af) Importer(2089858483,b0f066a214c2f5e87bad3c948f4d605d) (ScriptedImporter) -> (artifact id: '64e06e414b1edbf51e1d4d64a0b8293e') in 0.0281614 seconds
Number of updated asset objects reloaded before import = 0Number of asset objects unloaded after import = 3

========================================================================
Received Import Request.
  Time since last request: 0.000023 seconds.
  path: Assets/2D Platformer/2D Assets/ground(6).png
  artifactKey: Guid(eab604754d8a6a445b7469609f989a6e) Importer(2089858483,b0f066a214c2f5e87bad3c948f4d605d)
Start importing Assets/2D Platformer/2D Assets/ground(6).png using Guid(eab604754d8a6a445b7469609f989a6e) Importer(2089858483,b0f066a214c2f5e87bad3c948f4d605d) (ScriptedImporter) -> (artifact id: 'a74109ee5a828b6e9c5083165ea97831') in 0.0332225 seconds
Number of updated asset objects reloaded before import = 0Number of asset objects unloaded after import = 3

========================================================================
Received Import Request.
  Time since last request: 0.000023 seconds.
  path: Assets/2D Platformer/2D Assets/player2/idle/idle(1).png
  artifactKey: Guid(ede541167e5104254be81f50c9b1f6cb) Importer(2089858483,b0f066a214c2f5e87bad3c948f4d605d)
Start importing Assets/2D Platformer/2D Assets/player2/idle/idle(1).png using Guid(ede541167e5104254be81f50c9b1f6cb) Importer(2089858483,b0f066a214c2f5e87bad3c948f4d605d) (ScriptedImporter) -> (artifact id: '73092d206725b10a3dc5752a8aea05bf') in 0.0542747 seconds
Number of updated asset objects reloaded before import = 0Number of asset objects unloaded after import = 3

========================================================================
Received Import Request.
  Time since last request: 0.000036 seconds.
  path: Assets/2D Platformer/2D Assets/player2/death/knight_metal_death(1).png
  artifactKey: Guid(dd1cdd48a3215499097add7fa47f6969) Importer(2089858483,b0f066a214c2f5e87bad3c948f4d605d)
Start importing Assets/2D Platformer/2D Assets/player2/death/knight_metal_death(1).png using Guid(dd1cdd48a3215499097add7fa47f6969) Importer(2089858483,b0f066a214c2f5e87bad3c948f4d605d) (ScriptedImporter) -> (artifact id: '076a8c8b24640b265ff7e7899269a530') in 0.0511579 seconds
Number of updated asset objects reloaded before import = 0Number of asset objects unloaded after import = 3

========================================================================
Received Import Request.
  Time since last request: 0.000073 seconds.
  path: Assets/2D Platformer/2D Assets/ground(7).png
  artifactKey: Guid(a75f5980a6628634faa69c51ee5be0e5) Importer(2089858483,b0f066a214c2f5e87bad3c948f4d605d)
Start importing Assets/2D Platformer/2D Assets/ground(7).png using Guid(a75f5980a6628634faa69c51ee5be0e5) Importer(2089858483,b0f066a214c2f5e87bad3c948f4d605d) (ScriptedImporter) -> (artifact id: '2d495a103ec98a712795d7a04de7a9e9') in 0.0365667 seconds
Number of updated asset objects reloaded before import = 0Number of asset objects unloaded after import = 3

========================================================================
Received Import Request.
  Time since last request: 0.000029 seconds.
  path: Assets/2D Platformer/2D Assets/TilePalette/ground(11).asset
  artifactKey: Guid(da770c5c47ccbd044b94911e3495d186) Importer(2089858483,b0f066a214c2f5e87bad3c948f4d605d)
Start importing Assets/2D Platformer/2D Assets/TilePalette/ground(11).asset using Guid(da770c5c47ccbd044b94911e3495d186) Importer(2089858483,b0f066a214c2f5e87bad3c948f4d605d) (ScriptedImporter) -> (artifact id: 'd8b55ac242b671b2f7e9a856266dc69d') in 0.0245475 seconds
Number of updated asset objects reloaded before import = 0Number of asset objects unloaded after import = 2

========================================================================
Received Import Request.
  Time since last request: 0.000061 seconds.
  path: Assets/2D Platformer/2D Assets/TilePalette/ground(7).asset
  artifactKey: Guid(a5ce050e1887e7848addbcf3eed88006) Importer(2089858483,b0f066a214c2f5e87bad3c948f4d605d)
Start importing Assets/2D Platformer/2D Assets/TilePalette/ground(7).asset using Guid(a5ce050e1887e7848addbcf3eed88006) Importer(2089858483,b0f066a214c2f5e87bad3c948f4d605d) (ScriptedImporter) -> (artifact id: 'e0d716c20d6e11ba4e8a6a68966cce59') in 0.0293237 seconds
Number of updated asset objects reloaded before import = 0Number of asset objects unloaded after import = 2

========================================================================
Received Import Request.
  Time since last request: 0.000146 seconds.
  path: Assets/2D Platformer/2D Assets/player/run
  artifactKey: Guid(dc6c8dca40d46454ca5940c7b29ccb10) Importer(2089858483,b0f066a214c2f5e87bad3c948f4d605d)
Start importing Assets/2D Platformer/2D Assets/player/run using Guid(dc6c8dca40d46454ca5940c7b29ccb10) Importer(2089858483,b0f066a214c2f5e87bad3c948f4d605d) (ScriptedImporter) -> (artifact id: '12074368f3560aa9d9c31b164fd2e907') in 0.0247361 seconds
Number of updated asset objects reloaded before import = 0Number of asset objects unloaded after import = 1

========================================================================
Received Import Request.
  Time since last request: 1.614556 seconds.
  path: Assets/2D Assets/player2/jump
  artifactKey: Guid(fbbee6ed33a104458b9fbfa89dc2a37f) Importer(2089858483,b0f066a214c2f5e87bad3c948f4d605d)
Start importing Assets/2D Assets/player2/jump using Guid(fbbee6ed33a104458b9fbfa89dc2a37f) Importer(2089858483,b0f066a214c2f5e87bad3c948f4d605d) (ScriptedImporter) -> (artifact id: 'b8de6b847ed17cb7c9aca905fd999b0d') in 0.0354386 seconds
Number of updated asset objects reloaded before import = 0Number of asset objects unloaded after import = 1

========================================================================
Received Import Request.
  Time since last request: 0.000101 seconds.
  path: Assets/2D Assets/platform(1).prefab
  artifactKey: Guid(f3e802dadd6b140e697bd407e30e867e) Importer(2089858483,b0f066a214c2f5e87bad3c948f4d605d)
Start importing Assets/2D Assets/platform(1).prefab using Guid(f3e802dadd6b140e697bd407e30e867e) Importer(2089858483,b0f066a214c2f5e87bad3c948f4d605d) (ScriptedImporter) -> (artifact id: '1f93d82bb318b4955b175302530d85f5') in 0.0306 seconds
Number of updated asset objects reloaded before import = 0Number of asset objects unloaded after import = 8

========================================================================
Received Import Request.
  Time since last request: 0.000029 seconds.
  path: Assets/2D Assets/player2/idle/idle(2).png
  artifactKey: Guid(cda713268036343299722506bed0d6d3) Importer(2089858483,b0f066a214c2f5e87bad3c948f4d605d)
Start importing Assets/2D Assets/player2/idle/idle(2).png using Guid(cda713268036343299722506bed0d6d3) Importer(2089858483,b0f066a214c2f5e87bad3c948f4d605d) (ScriptedImporter) -> (artifact id: 'e5e7feb336b3b286909613ba8651617f') in 0.03245 seconds
Number of updated asset objects reloaded before import = 0Number of asset objects unloaded after import = 3

========================================================================
Received Import Request.
  Time since last request: 0.000067 seconds.
  path: Assets/2D Assets/spikes.png
  artifactKey: Guid(2619d8d2089663a478ac3035deedf2d3) Importer(2089858483,b0f066a214c2f5e87bad3c948f4d605d)
Start importing Assets/2D Assets/spikes.png using Guid(2619d8d2089663a478ac3035deedf2d3) Importer(2089858483,b0f066a214c2f5e87bad3c948f4d605d) (ScriptedImporter) -> (artifact id: '0165be1a6db5ab22fccf0b06d68b9537') in 0.0276268 seconds
Number of updated asset objects reloaded before import = 0Number of asset objects unloaded after import = 3

========================================================================
Received Import Request.
  Time since last request: 0.000039 seconds.
  path: Assets/2D Assets/Physics Material 2D.physicsMaterial2D
  artifactKey: Guid(d9a7e16707a0a2b4fb7c05d1ad993a6b) Importer(2089858483,b0f066a214c2f5e87bad3c948f4d605d)
Start importing Assets/2D Assets/Physics Material 2D.physicsMaterial2D using Guid(d9a7e16707a0a2b4fb7c05d1ad993a6b) Importer(2089858483,b0f066a214c2f5e87bad3c948f4d605d) (ScriptedImporter) -> (artifact id: '5bbfd0b9053b59f0fe12d669999e6729') in 0.0237345 seconds
Number of updated asset objects reloaded before import = 0Number of asset objects unloaded after import = 1

========================================================================
Received Import Request.
  Time since last request: 0.000092 seconds.
  path: Assets/2D Assets/player2
  artifactKey: Guid(34a8e7ea3e41947289a482ccca6f0e2c) Importer(2089858483,b0f066a214c2f5e87bad3c948f4d605d)
Start importing Assets/2D Assets/player2 using Guid(34a8e7ea3e41947289a482ccca6f0e2c) Importer(2089858483,b0f066a214c2f5e87bad3c948f4d605d) (ScriptedImporter) -> (artifact id: '52cf073facf7d1bc453a0d8d56eab1c5') in 0.0199613 seconds
Number of updated asset objects reloaded before import = 0Number of asset objects unloaded after import = 1

========================================================================
Received Import Request.
  Time since last request: 0.000212 seconds.
  path: Assets/2D Assets
  artifactKey: Guid(06e8b4b3ca6e7cb40a14e0a1f22a383c) Importer(2089858483,b0f066a214c2f5e87bad3c948f4d605d)
Start importing Assets/2D Assets using Guid(06e8b4b3ca6e7cb40a14e0a1f22a383c) Importer(2089858483,b0f066a214c2f5e87bad3c948f4d605d) (ScriptedImporter) -> (artifact id: '70ae32f88bb8c65a6fae82374492c0f6') in 0.0156253 seconds
Number of updated asset objects reloaded before import = 0Number of asset objects unloaded after import = 1

========================================================================
Received Import Request.
  Time since last request: 0.000089 seconds.
  path: Assets/2D Assets/player2/run/run(2).png
  artifactKey: Guid(bb84801303952402c887861d20b8d3f1) Importer(2089858483,b0f066a214c2f5e87bad3c948f4d605d)
Start importing Assets/2D Assets/player2/run/run(2).png using Guid(bb84801303952402c887861d20b8d3f1) Importer(2089858483,b0f066a214c2f5e87bad3c948f4d605d) (ScriptedImporter) -> (artifact id: '88a68680409f02dc8348577100d2682b') in 0.0364026 seconds
Number of updated asset objects reloaded before import = 0Number of asset objects unloaded after import = 3

========================================================================
Received Import Request.
  Time since last request: 0.000025 seconds.
  path: Assets/2D Assets/player/idle/idle(1).png
  artifactKey: Guid(2203aafcd9bac493c971138754b91a43) Importer(2089858483,b0f066a214c2f5e87bad3c948f4d605d)
Start importing Assets/2D Assets/player/idle/idle(1).png using Guid(2203aafcd9bac493c971138754b91a43) Importer(2089858483,b0f066a214c2f5e87bad3c948f4d605d) (ScriptedImporter) -> (artifact id: '1e0d97616ebb60fb3b563b16f425148e') in 0.0347153 seconds
Number of updated asset objects reloaded before import = 0Number of asset objects unloaded after import = 3

========================================================================
Received Import Request.
  Time since last request: 0.000023 seconds.
  path: Assets/2D Assets/platform(1).png
  artifactKey: Guid(4a1d0bf48ee6e58458cfeaa4a5b677c8) Importer(2089858483,b0f066a214c2f5e87bad3c948f4d605d)
Start importing Assets/2D Assets/platform(1).png using Guid(4a1d0bf48ee6e58458cfeaa4a5b677c8) Importer(2089858483,b0f066a214c2f5e87bad3c948f4d605d) (ScriptedImporter) -> (artifact id: '6702c856c5664d9bf9fdff02e5ed3f84') in 0.0329077 seconds
Number of updated asset objects reloaded before import = 0Number of asset objects unloaded after import = 3

========================================================================
Received Import Request.
  Time since last request: 0.000039 seconds.
  path: Assets/2D Assets/player/idle/idle(2).png
  artifactKey: Guid(b9ffff664a11d4dc08e6328fcd70d15b) Importer(2089858483,b0f066a214c2f5e87bad3c948f4d605d)
Start importing Assets/2D Assets/player/idle/idle(2).png using Guid(b9ffff664a11d4dc08e6328fcd70d15b) Importer(2089858483,b0f066a214c2f5e87bad3c948f4d605d) (ScriptedImporter) -> (artifact id: '4e94528a220381da10ddf85e6ee81289') in 0.0303268 seconds
Number of updated asset objects reloaded before import = 0Number of asset objects unloaded after import = 3

========================================================================
Received Import Request.
  Time since last request: 0.000058 seconds.
  path: Assets/2D Assets/coin/coin(2).png
  artifactKey: Guid(ed356eec752c06d499ab8f57848f10ac) Importer(2089858483,b0f066a214c2f5e87bad3c948f4d605d)
Start importing Assets/2D Assets/coin/coin(2).png using Guid(ed356eec752c06d499ab8f57848f10ac) Importer(2089858483,b0f066a214c2f5e87bad3c948f4d605d) (ScriptedImporter) -> (artifact id: 'f26e79a0110dd3c5dd6d1b14ff8438a8') in 0.0328515 seconds
Number of updated asset objects reloaded before import = 0Number of asset objects unloaded after import = 3

========================================================================
Received Import Request.
  Time since last request: 0.000037 seconds.
  path: Assets/2D Assets/player3/run/run(1).png
  artifactKey: Guid(402ffefd1bc0246bbabe7455cbbc2ee1) Importer(2089858483,b0f066a214c2f5e87bad3c948f4d605d)
Start importing Assets/2D Assets/player3/run/run(1).png using Guid(402ffefd1bc0246bbabe7455cbbc2ee1) Importer(2089858483,b0f066a214c2f5e87bad3c948f4d605d) (ScriptedImporter) -> (artifact id: '07af69b5d97e73970c52c0833f45cd97') in 0.0313198 seconds
Number of updated asset objects reloaded before import = 0Number of asset objects unloaded after import = 3

========================================================================
Received Import Request.
  Time since last request: 0.000028 seconds.
  path: Assets/2D Assets/ground(5).png
  artifactKey: Guid(ace6930c03f36a8498fb0c96db29dadf) Importer(2089858483,b0f066a214c2f5e87bad3c948f4d605d)
Start importing Assets/2D Assets/ground(5).png using Guid(ace6930c03f36a8498fb0c96db29dadf) Importer(2089858483,b0f066a214c2f5e87bad3c948f4d605d) (ScriptedImporter) -> (artifact id: '6172aec44e5789918dd7660191ccda8f') in 0.0317842 seconds
Number of updated asset objects reloaded before import = 0Number of asset objects unloaded after import = 3

========================================================================
Received Import Request.
  Time since last request: 0.000025 seconds.
  path: Assets/2D Assets/ground(3).png
  artifactKey: Guid(473ce341c57b7e5448221eaab5e904bd) Importer(2089858483,b0f066a214c2f5e87bad3c948f4d605d)
Start importing Assets/2D Assets/ground(3).png using Guid(473ce341c57b7e5448221eaab5e904bd) Importer(2089858483,b0f066a214c2f5e87bad3c948f4d605d) (ScriptedImporter) -> (artifact id: 'f7e742bbf17f6faf397fc23df1301601') in 0.0329602 seconds
Number of updated asset objects reloaded before import = 0Number of asset objects unloaded after import = 3

========================================================================
Received Import Request.
  Time since last request: 0.000036 seconds.
  path: Assets/2D Assets/player3/death/knight_metal_death(1).png
  artifactKey: Guid(faea2959c0694419db9e588890b1961f) Importer(2089858483,b0f066a214c2f5e87bad3c948f4d605d)
Start importing Assets/2D Assets/player3/death/knight_metal_death(1).png using Guid(faea2959c0694419db9e588890b1961f) Importer(2089858483,b0f066a214c2f5e87bad3c948f4d605d) (ScriptedImporter) -> (artifact id: '6168c07ef45d5f82abc93d41adc8e7b2') in 0.0335975 seconds
Number of updated asset objects reloaded before import = 0Number of asset objects unloaded after import = 3

========================================================================
Received Import Request.
  Time since last request: 0.000052 seconds.
  path: Assets/2D Assets/player/run
  artifactKey: Guid(dc6c8dca40d46454ca5940c7b29ccb10) Importer(2089858483,b0f066a214c2f5e87bad3c948f4d605d)
Start importing Assets/2D Assets/player/run using Guid(dc6c8dca40d46454ca5940c7b29ccb10) Importer(2089858483,b0f066a214c2f5e87bad3c948f4d605d) (ScriptedImporter) -> (artifact id: 'd08a95f1ffac92741fadc7095b1b0c97') in 0.0229453 seconds
Number of updated asset objects reloaded before import = 0Number of asset objects unloaded after import = 1

========================================================================
Received Prepare
WARNING: Shader Unsupported: 'Hidden/Universal Render Pipeline/Terrain/Lit (Base Pass)' - All subshaders removed
WARNING: Shader Did you use #pragma only_renderers and omit this platform?
WARNING: Shader If subshaders removal was intentional, you may have forgotten turning Fallback off?
WARNING: Shader Unsupported: 'Hidden/Universal Render Pipeline/Terrain/Lit (Base Pass)' - All subshaders removed
WARNING: Shader Did you use #pragma only_renderers and omit this platform?
WARNING: Shader If subshaders removal was intentional, you may have forgotten turning Fallback off?
WARNING: Shader Unsupported: 'Universal Render Pipeline/Terrain/Lit' - All subshaders removed
WARNING: Shader Did you use #pragma only_renderers and omit this platform?
WARNING: Shader If subshaders removal was intentional, you may have forgotten turning Fallback off?
WARNING: Shader Unsupported: 'Universal Render Pipeline/Terrain/Lit' - All subshaders removed
WARNING: Shader Did you use #pragma only_renderers and omit this platform?
WARNING: Shader If subshaders removal was intentional, you may have forgotten turning Fallback off?
Refreshing native plugins compatible for Editor in 3.56 ms, found 4 plugins.
Preloading 0 native plugins for Editor in 0.00 ms.
Unloading 47 Unused Serialized files (Serialized files now loaded: 0)
Unloading 9197 unused Assets / (8.1 MB). Loaded Objects now: 9922.
Memory consumption went from 173.2 MB to 165.0 MB.
Total: 21.901000 ms (FindLiveObjects: 1.224200 ms CreateObjectMapping: 1.543300 ms MarkObjects: 13.638900 ms  DeleteObjects: 5.492200 ms)

Prepare: number of updated asset objects reloaded= 0
========================================================================
Received Import Request.
  Time since last request: 13.564920 seconds.
  path: Assets/scripts/Scripts/Fild
  artifactKey: Guid(14d6fe6f0c5ff4fdb84e50ef2b2a46c2) Importer(2089858483,b0f066a214c2f5e87bad3c948f4d605d)
Start importing Assets/scripts/Scripts/Fild using Guid(14d6fe6f0c5ff4fdb84e50ef2b2a46c2) Importer(2089858483,b0f066a214c2f5e87bad3c948f4d605d) (ScriptedImporter) -> (artifact id: 'b3b409d20da42acf13a683a09a82fc72') in 0.0327267 seconds
Number of updated asset objects reloaded before import = 0Number of asset objects unloaded after import = 1

========================================================================
Received Import Request.
  Time since last request: 0.000079 seconds.
  path: Assets/scripts/Scripts/PlayerDeathDetector.cs
  artifactKey: Guid(f33e09ac09cce4a4ea8cf6e65911a48a) Importer(2089858483,b0f066a214c2f5e87bad3c948f4d605d)
Start importing Assets/scripts/Scripts/PlayerDeathDetector.cs using Guid(f33e09ac09cce4a4ea8cf6e65911a48a) Importer(2089858483,b0f066a214c2f5e87bad3c948f4d605d) (ScriptedImporter) -> (artifact id: 'fd2948bf5e8d59417a9a7ef57b39bc73') in 0.0300634 seconds
Number of updated asset objects reloaded before import = 0Number of asset objects unloaded after import = 0

========================================================================
Received Import Request.
  Time since last request: 0.000341 seconds.
  path: Assets/scripts/Scripts/EnemyAI.cs
  artifactKey: Guid(3b58017ee8b2ee948a8c914a618d12b5) Importer(2089858483,b0f066a214c2f5e87bad3c948f4d605d)
Start importing Assets/scripts/Scripts/EnemyAI.cs using Guid(3b58017ee8b2ee948a8c914a618d12b5) Importer(2089858483,b0f066a214c2f5e87bad3c948f4d605d) (ScriptedImporter) -> (artifact id: '2e85db20568569271dcf0243618cce8b') in 0.0198873 seconds
Number of updated asset objects reloaded before import = 0Number of asset objects unloaded after import = 0

========================================================================
Received Prepare
Begin MonoManager ReloadAssembly
[Licensing::Client] Successfully resolved entitlement details
Symbol file LoadedFromMemory is not a mono symbol file
- Loaded All Assemblies, in  1.719 seconds
Refreshing native plugins compatible for Editor in 2.55 ms, found 4 plugins.
Native extension for iOS target not found
Native extension for Android target not found
Native extension for UWP target not found
Native extension for WindowsStandalone target not found
Native extension for WebGL target not found
[Package Manager] Failed to launch server process. Reason: Unity was launched with the -noUpm command-line argument
[Package Manager] Unable to send message (not connected to server process).
[Package Manager] Cannot connect to Unity Package Manager local server
[Package Manager] Failed to launch server process. Reason: Unity was launched with the -noUpm command-line argument
[Package Manager] Unable to send message (not connected to server process).
[Package Manager] Cannot connect to Unity Package Manager local server
Mono: successfully reloaded assembly
- Finished resetting the current domain, in  1.596 seconds
Domain Reload Profiling: 3316ms
	BeginReloadAssembly (435ms)
		ExecutionOrderSort (0ms)
		DisableScriptedObjects (29ms)
		BackupInstance (0ms)
		ReleaseScriptingObjects (0ms)
		CreateAndSetChildDomain (131ms)
	RebuildCommonClasses (66ms)
	RebuildNativeTypeToScriptingClass (22ms)
	initialDomainReloadingComplete (48ms)
	LoadAllAssembliesAndSetupDomain (1149ms)
		LoadAssemblies (830ms)
		RebuildTransferFunctionScriptingTraits (0ms)
		AnalyzeDomain (498ms)
			TypeCache.Refresh (23ms)
				TypeCache.ScanAssembly (2ms)
			BuildScriptInfoCaches (433ms)
			ResolveRequiredComponents (29ms)
	FinalizeReload (1597ms)
		ReleaseScriptCaches (0ms)
		RebuildScriptCaches (0ms)
		SetupLoadedEditorAssemblies (1317ms)
			LogAssemblyErrors (0ms)
			InitializePlatformSupportModulesInManaged (55ms)
			SetLoadedEditorAssemblies (9ms)
			BeforeProcessingInitializeOnLoad (427ms)
			ProcessInitializeOnLoadAttributes (588ms)
			ProcessInitializeOnLoadMethodAttributes (230ms)
			AfterProcessingInitializeOnLoad (7ms)
			EditorAssembliesLoaded (1ms)
		ExecutionOrderSort2 (0ms)
		AwakeInstancesAfterBackupRestoration (12ms)
WARNING: Shader Unsupported: 'Hidden/Universal Render Pipeline/Terrain/Lit (Base Pass)' - All subshaders removed
WARNING: Shader Did you use #pragma only_renderers and omit this platform?
WARNING: Shader If subshaders removal was intentional, you may have forgotten turning Fallback off?
WARNING: Shader Unsupported: 'Hidden/Universal Render Pipeline/Terrain/Lit (Base Pass)' - All subshaders removed
WARNING: Shader Did you use #pragma only_renderers and omit this platform?
WARNING: Shader If subshaders removal was intentional, you may have forgotten turning Fallback off?
WARNING: Shader Unsupported: 'Universal Render Pipeline/Terrain/Lit' - All subshaders removed
WARNING: Shader Did you use #pragma only_renderers and omit this platform?
WARNING: Shader If subshaders removal was intentional, you may have forgotten turning Fallback off?
WARNING: Shader Unsupported: 'Universal Render Pipeline/Terrain/Lit' - All subshaders removed
WARNING: Shader Did you use #pragma only_renderers and omit this platform?
WARNING: Shader If subshaders removal was intentional, you may have forgotten turning Fallback off?
Refreshing native plugins compatible for Editor in 4.26 ms, found 4 plugins.
Preloading 0 native plugins for Editor in 0.00 ms.
Unloading 47 Unused Serialized files (Serialized files now loaded: 0)
Unloading 9211 unused Assets / (7.8 MB). Loaded Objects now: 9927.
Memory consumption went from 174.5 MB to 166.7 MB.
Total: 23.181200 ms (FindLiveObjects: 1.172700 ms CreateObjectMapping: 1.207000 ms MarkObjects: 13.736500 ms  DeleteObjects: 7.061400 ms)

Prepare: number of updated asset objects reloaded= 0
========================================================================
Received Import Request.
  Time since last request: 15.232174 seconds.
  path: Assets/scripts/Scripts/GameManager.cs
  artifactKey: Guid(8d255ee49c2be2343b958ec319cdf534) Importer(815301076,1909f56bfc062723c751e8b465ee728b)
Start importing Assets/scripts/Scripts/GameManager.cs using Guid(8d255ee49c2be2343b958ec319cdf534) Importer(815301076,1909f56bfc062723c751e8b465ee728b) (PreviewImporter) -> (artifact id: 'dabd01a43f018129aff8ea12ce804e6c') in 0.0133119 seconds
Number of updated asset objects reloaded before import = 0Number of asset objects unloaded after import = 0

========================================================================
Received Prepare
WARNING: Shader Unsupported: 'Hidden/Universal Render Pipeline/Terrain/Lit (Base Pass)' - All subshaders removed
WARNING: Shader Did you use #pragma only_renderers and omit this platform?
WARNING: Shader If subshaders removal was intentional, you may have forgotten turning Fallback off?
WARNING: Shader Unsupported: 'Hidden/Universal Render Pipeline/Terrain/Lit (Base Pass)' - All subshaders removed
WARNING: Shader Did you use #pragma only_renderers and omit this platform?
WARNING: Shader If subshaders removal was intentional, you may have forgotten turning Fallback off?
WARNING: Shader Unsupported: 'Universal Render Pipeline/Terrain/Lit' - All subshaders removed
WARNING: Shader Did you use #pragma only_renderers and omit this platform?
WARNING: Shader If subshaders removal was intentional, you may have forgotten turning Fallback off?
WARNING: Shader Unsupported: 'Universal Render Pipeline/Terrain/Lit' - All subshaders removed
WARNING: Shader Did you use #pragma only_renderers and omit this platform?
WARNING: Shader If subshaders removal was intentional, you may have forgotten turning Fallback off?
Refreshing native plugins compatible for Editor in 4.19 ms, found 4 plugins.
Preloading 0 native plugins for Editor in 0.00 ms.
Unloading 47 Unused Serialized files (Serialized files now loaded: 0)
Unloading 9197 unused Assets / (8.4 MB). Loaded Objects now: 9927.
Memory consumption went from 174.7 MB to 166.3 MB.
Total: 22.679600 ms (FindLiveObjects: 1.066700 ms CreateObjectMapping: 1.105600 ms MarkObjects: 13.700300 ms  DeleteObjects: 6.804600 ms)

Prepare: number of updated asset objects reloaded= 0
========================================================================
Received Prepare
WARNING: Shader Unsupported: 'Hidden/Universal Render Pipeline/Terrain/Lit (Base Pass)' - All subshaders removed
WARNING: Shader Did you use #pragma only_renderers and omit this platform?
WARNING: Shader If subshaders removal was intentional, you may have forgotten turning Fallback off?
WARNING: Shader Unsupported: 'Hidden/Universal Render Pipeline/Terrain/Lit (Base Pass)' - All subshaders removed
WARNING: Shader Did you use #pragma only_renderers and omit this platform?
WARNING: Shader If subshaders removal was intentional, you may have forgotten turning Fallback off?
WARNING: Shader Unsupported: 'Universal Render Pipeline/Terrain/Lit' - All subshaders removed
WARNING: Shader Did you use #pragma only_renderers and omit this platform?
WARNING: Shader If subshaders removal was intentional, you may have forgotten turning Fallback off?
WARNING: Shader Unsupported: 'Universal Render Pipeline/Terrain/Lit' - All subshaders removed
WARNING: Shader Did you use #pragma only_renderers and omit this platform?
WARNING: Shader If subshaders removal was intentional, you may have forgotten turning Fallback off?
Refreshing native plugins compatible for Editor in 6.60 ms, found 4 plugins.
Preloading 0 native plugins for Editor in 0.00 ms.
Unloading 47 Unused Serialized files (Serialized files now loaded: 0)
Unloading 9197 unused Assets / (7.7 MB). Loaded Objects now: 9927.
Memory consumption went from 174.6 MB to 166.9 MB.
Total: 26.887000 ms (FindLiveObjects: 1.426500 ms CreateObjectMapping: 1.908100 ms MarkObjects: 16.299300 ms  DeleteObjects: 7.250200 ms)

Prepare: number of updated asset objects reloaded= 0
========================================================================
Received Prepare
WARNING: Shader Unsupported: 'Hidden/Universal Render Pipeline/Terrain/Lit (Base Pass)' - All subshaders removed
WARNING: Shader Did you use #pragma only_renderers and omit this platform?
WARNING: Shader If subshaders removal was intentional, you may have forgotten turning Fallback off?
WARNING: Shader Unsupported: 'Hidden/Universal Render Pipeline/Terrain/Lit (Base Pass)' - All subshaders removed
WARNING: Shader Did you use #pragma only_renderers and omit this platform?
WARNING: Shader If subshaders removal was intentional, you may have forgotten turning Fallback off?
WARNING: Shader Unsupported: 'Universal Render Pipeline/Terrain/Lit' - All subshaders removed
WARNING: Shader Did you use #pragma only_renderers and omit this platform?
WARNING: Shader If subshaders removal was intentional, you may have forgotten turning Fallback off?
WARNING: Shader Unsupported: 'Universal Render Pipeline/Terrain/Lit' - All subshaders removed
WARNING: Shader Did you use #pragma only_renderers and omit this platform?
WARNING: Shader If subshaders removal was intentional, you may have forgotten turning Fallback off?
Refreshing native plugins compatible for Editor in 5.17 ms, found 4 plugins.
Preloading 0 native plugins for Editor in 0.00 ms.
Unloading 47 Unused Serialized files (Serialized files now loaded: 0)
Unloading 9197 unused Assets / (7.7 MB). Loaded Objects now: 9927.
Memory consumption went from 174.6 MB to 166.9 MB.
Total: 29.391200 ms (FindLiveObjects: 2.429400 ms CreateObjectMapping: 2.370700 ms MarkObjects: 18.024500 ms  DeleteObjects: 6.563600 ms)

Prepare: number of updated asset objects reloaded= 0
========================================================================
Received Prepare
WARNING: Shader Unsupported: 'Hidden/Universal Render Pipeline/Terrain/Lit (Base Pass)' - All subshaders removed
WARNING: Shader Did you use #pragma only_renderers and omit this platform?
WARNING: Shader If subshaders removal was intentional, you may have forgotten turning Fallback off?
WARNING: Shader Unsupported: 'Hidden/Universal Render Pipeline/Terrain/Lit (Base Pass)' - All subshaders removed
WARNING: Shader Did you use #pragma only_renderers and omit this platform?
WARNING: Shader If subshaders removal was intentional, you may have forgotten turning Fallback off?
WARNING: Shader Unsupported: 'Universal Render Pipeline/Terrain/Lit' - All subshaders removed
WARNING: Shader Did you use #pragma only_renderers and omit this platform?
WARNING: Shader If subshaders removal was intentional, you may have forgotten turning Fallback off?
WARNING: Shader Unsupported: 'Universal Render Pipeline/Terrain/Lit' - All subshaders removed
WARNING: Shader Did you use #pragma only_renderers and omit this platform?
WARNING: Shader If subshaders removal was intentional, you may have forgotten turning Fallback off?
Refreshing native plugins compatible for Editor in 3.65 ms, found 4 plugins.
Preloading 0 native plugins for Editor in 0.00 ms.
Unloading 47 Unused Serialized files (Serialized files now loaded: 0)
Unloading 9197 unused Assets / (8.4 MB). Loaded Objects now: 9927.
Memory consumption went from 174.6 MB to 166.2 MB.
Total: 32.578500 ms (FindLiveObjects: 3.319200 ms CreateObjectMapping: 2.373400 ms MarkObjects: 17.112700 ms  DeleteObjects: 9.770500 ms)

Prepare: number of updated asset objects reloaded= 0
========================================================================
Received Prepare
WARNING: Shader Unsupported: 'Hidden/Universal Render Pipeline/Terrain/Lit (Base Pass)' - All subshaders removed
WARNING: Shader Did you use #pragma only_renderers and omit this platform?
WARNING: Shader If subshaders removal was intentional, you may have forgotten turning Fallback off?
WARNING: Shader Unsupported: 'Hidden/Universal Render Pipeline/Terrain/Lit (Base Pass)' - All subshaders removed
WARNING: Shader Did you use #pragma only_renderers and omit this platform?
WARNING: Shader If subshaders removal was intentional, you may have forgotten turning Fallback off?
WARNING: Shader Unsupported: 'Universal Render Pipeline/Terrain/Lit' - All subshaders removed
WARNING: Shader Did you use #pragma only_renderers and omit this platform?
WARNING: Shader If subshaders removal was intentional, you may have forgotten turning Fallback off?
WARNING: Shader Unsupported: 'Universal Render Pipeline/Terrain/Lit' - All subshaders removed
WARNING: Shader Did you use #pragma only_renderers and omit this platform?
WARNING: Shader If subshaders removal was intentional, you may have forgotten turning Fallback off?
Refreshing native plugins compatible for Editor in 3.43 ms, found 4 plugins.
Preloading 0 native plugins for Editor in 0.00 ms.
Unloading 47 Unused Serialized files (Serialized files now loaded: 0)
Unloading 9197 unused Assets / (7.1 MB). Loaded Objects now: 9927.
Memory consumption went from 174.6 MB to 167.5 MB.
Total: 21.977600 ms (FindLiveObjects: 1.313800 ms CreateObjectMapping: 1.611900 ms MarkObjects: 12.350200 ms  DeleteObjects: 6.698900 ms)

Prepare: number of updated asset objects reloaded= 0
========================================================================
Received Prepare
WARNING: Shader Unsupported: 'Hidden/Universal Render Pipeline/Terrain/Lit (Base Pass)' - All subshaders removed
WARNING: Shader Did you use #pragma only_renderers and omit this platform?
WARNING: Shader If subshaders removal was intentional, you may have forgotten turning Fallback off?
WARNING: Shader Unsupported: 'Hidden/Universal Render Pipeline/Terrain/Lit (Base Pass)' - All subshaders removed
WARNING: Shader Did you use #pragma only_renderers and omit this platform?
WARNING: Shader If subshaders removal was intentional, you may have forgotten turning Fallback off?
WARNING: Shader Unsupported: 'Universal Render Pipeline/Terrain/Lit' - All subshaders removed
WARNING: Shader Did you use #pragma only_renderers and omit this platform?
WARNING: Shader If subshaders removal was intentional, you may have forgotten turning Fallback off?
WARNING: Shader Unsupported: 'Universal Render Pipeline/Terrain/Lit' - All subshaders removed
WARNING: Shader Did you use #pragma only_renderers and omit this platform?
WARNING: Shader If subshaders removal was intentional, you may have forgotten turning Fallback off?
Refreshing native plugins compatible for Editor in 5.04 ms, found 4 plugins.
Preloading 0 native plugins for Editor in 0.00 ms.
Unloading 47 Unused Serialized files (Serialized files now loaded: 0)
Unloading 9197 unused Assets / (7.3 MB). Loaded Objects now: 9927.
Memory consumption went from 174.7 MB to 167.3 MB.
Total: 36.839800 ms (FindLiveObjects: 5.122300 ms CreateObjectMapping: 1.490200 ms MarkObjects: 22.001100 ms  DeleteObjects: 8.221200 ms)

Prepare: number of updated asset objects reloaded= 0
========================================================================
Received Prepare
WARNING: Shader Unsupported: 'Hidden/Universal Render Pipeline/Terrain/Lit (Base Pass)' - All subshaders removed
WARNING: Shader Did you use #pragma only_renderers and omit this platform?
WARNING: Shader If subshaders removal was intentional, you may have forgotten turning Fallback off?
WARNING: Shader Unsupported: 'Hidden/Universal Render Pipeline/Terrain/Lit (Base Pass)' - All subshaders removed
WARNING: Shader Did you use #pragma only_renderers and omit this platform?
WARNING: Shader If subshaders removal was intentional, you may have forgotten turning Fallback off?
WARNING: Shader Unsupported: 'Universal Render Pipeline/Terrain/Lit' - All subshaders removed
WARNING: Shader Did you use #pragma only_renderers and omit this platform?
WARNING: Shader If subshaders removal was intentional, you may have forgotten turning Fallback off?
WARNING: Shader Unsupported: 'Universal Render Pipeline/Terrain/Lit' - All subshaders removed
WARNING: Shader Did you use #pragma only_renderers and omit this platform?
WARNING: Shader If subshaders removal was intentional, you may have forgotten turning Fallback off?
Refreshing native plugins compatible for Editor in 5.03 ms, found 4 plugins.
Preloading 0 native plugins for Editor in 0.00 ms.
Unloading 47 Unused Serialized files (Serialized files now loaded: 0)
Unloading 9197 unused Assets / (7.6 MB). Loaded Objects now: 9927.
Memory consumption went from 174.6 MB to 167.0 MB.
Total: 29.469700 ms (FindLiveObjects: 2.998100 ms CreateObjectMapping: 1.516200 ms MarkObjects: 17.049100 ms  DeleteObjects: 7.902800 ms)

Prepare: number of updated asset objects reloaded= 0
========================================================================
Received Prepare
WARNING: Shader Unsupported: 'Hidden/Universal Render Pipeline/Terrain/Lit (Base Pass)' - All subshaders removed
WARNING: Shader Did you use #pragma only_renderers and omit this platform?
WARNING: Shader If subshaders removal was intentional, you may have forgotten turning Fallback off?
WARNING: Shader Unsupported: 'Hidden/Universal Render Pipeline/Terrain/Lit (Base Pass)' - All subshaders removed
WARNING: Shader Did you use #pragma only_renderers and omit this platform?
WARNING: Shader If subshaders removal was intentional, you may have forgotten turning Fallback off?
WARNING: Shader Unsupported: 'Universal Render Pipeline/Terrain/Lit' - All subshaders removed
WARNING: Shader Did you use #pragma only_renderers and omit this platform?
WARNING: Shader If subshaders removal was intentional, you may have forgotten turning Fallback off?
WARNING: Shader Unsupported: 'Universal Render Pipeline/Terrain/Lit' - All subshaders removed
WARNING: Shader Did you use #pragma only_renderers and omit this platform?
WARNING: Shader If subshaders removal was intentional, you may have forgotten turning Fallback off?
Refreshing native plugins compatible for Editor in 4.90 ms, found 4 plugins.
Preloading 0 native plugins for Editor in 0.00 ms.
Unloading 47 Unused Serialized files (Serialized files now loaded: 0)
Unloading 9197 unused Assets / (8.9 MB). Loaded Objects now: 9927.
Memory consumption went from 174.7 MB to 165.8 MB.
Total: 33.232700 ms (FindLiveObjects: 1.494600 ms CreateObjectMapping: 1.379800 ms MarkObjects: 20.717800 ms  DeleteObjects: 9.637000 ms)

Prepare: number of updated asset objects reloaded= 0
========================================================================
Received Import Request.
  Time since last request: 11.578058 seconds.
  path: Assets/scripts/CameraController.cs
  artifactKey: Guid(f025b3a51997b49458850f64e01e9a7d) Importer(2089858483,b0f066a214c2f5e87bad3c948f4d605d)
Start importing Assets/scripts/CameraController.cs using Guid(f025b3a51997b49458850f64e01e9a7d) Importer(2089858483,b0f066a214c2f5e87bad3c948f4d605d) (ScriptedImporter) -> (artifact id: '3444e23cc8af871a3a09e026746285d3') in 0.3349527 seconds
Number of updated asset objects reloaded before import = 0Number of asset objects unloaded after import = 0

========================================================================
Received Import Request.
  Time since last request: 0.000246 seconds.
  path: Assets/scripts/PlayerDeathDetector.cs
  artifactKey: Guid(f33e09ac09cce4a4ea8cf6e65911a48a) Importer(2089858483,b0f066a214c2f5e87bad3c948f4d605d)
Start importing Assets/scripts/PlayerDeathDetector.cs using Guid(f33e09ac09cce4a4ea8cf6e65911a48a) Importer(2089858483,b0f066a214c2f5e87bad3c948f4d605d) (ScriptedImporter) -> (artifact id: '2d905625821be35b365a96a5dd4d070c') in 0.0289752 seconds
Number of updated asset objects reloaded before import = 0Number of asset objects unloaded after import = 0

========================================================================
Received Import Request.
  Time since last request: 3.006816 seconds.
  path: Assets/scripts/Scripts/Fild/LevelGenerator.cs
  artifactKey: Guid(1cd227f06c9bb43a2b0f8fee6a4673c9) Importer(815301076,1909f56bfc062723c751e8b465ee728b)
Start importing Assets/scripts/Scripts/Fild/LevelGenerator.cs using Guid(1cd227f06c9bb43a2b0f8fee6a4673c9) Importer(815301076,1909f56bfc062723c751e8b465ee728b) (PreviewImporter) -> (artifact id: '3b992dc5ba377470038af250efeaea80') in 0.0010989 seconds
Number of updated asset objects reloaded before import = 0Number of asset objects unloaded after import = 0

========================================================================
Received Prepare
WARNING: Shader Unsupported: 'Hidden/Universal Render Pipeline/Terrain/Lit (Base Pass)' - All subshaders removed
WARNING: Shader Did you use #pragma only_renderers and omit this platform?
WARNING: Shader If subshaders removal was intentional, you may have forgotten turning Fallback off?
WARNING: Shader Unsupported: 'Hidden/Universal Render Pipeline/Terrain/Lit (Base Pass)' - All subshaders removed
WARNING: Shader Did you use #pragma only_renderers and omit this platform?
WARNING: Shader If subshaders removal was intentional, you may have forgotten turning Fallback off?
WARNING: Shader Unsupported: 'Universal Render Pipeline/Terrain/Lit' - All subshaders removed
WARNING: Shader Did you use #pragma only_renderers and omit this platform?
WARNING: Shader If subshaders removal was intentional, you may have forgotten turning Fallback off?
WARNING: Shader Unsupported: 'Universal Render Pipeline/Terrain/Lit' - All subshaders removed
WARNING: Shader Did you use #pragma only_renderers and omit this platform?
WARNING: Shader If subshaders removal was intentional, you may have forgotten turning Fallback off?
Refreshing native plugins compatible for Editor in 4.17 ms, found 4 plugins.
Preloading 0 native plugins for Editor in 0.00 ms.
Unloading 47 Unused Serialized files (Serialized files now loaded: 0)
Unloading 9197 unused Assets / (8.2 MB). Loaded Objects now: 9927.
Memory consumption went from 174.7 MB to 166.4 MB.
Total: 23.715600 ms (FindLiveObjects: 1.472500 ms CreateObjectMapping: 1.136400 ms MarkObjects: 13.870500 ms  DeleteObjects: 7.234300 ms)

Prepare: number of updated asset objects reloaded= 0
========================================================================
Received Prepare
WARNING: Shader Unsupported: 'Hidden/Universal Render Pipeline/Terrain/Lit (Base Pass)' - All subshaders removed
WARNING: Shader Did you use #pragma only_renderers and omit this platform?
WARNING: Shader If subshaders removal was intentional, you may have forgotten turning Fallback off?
WARNING: Shader Unsupported: 'Hidden/Universal Render Pipeline/Terrain/Lit (Base Pass)' - All subshaders removed
WARNING: Shader Did you use #pragma only_renderers and omit this platform?
WARNING: Shader If subshaders removal was intentional, you may have forgotten turning Fallback off?
WARNING: Shader Unsupported: 'Universal Render Pipeline/Terrain/Lit' - All subshaders removed
WARNING: Shader Did you use #pragma only_renderers and omit this platform?
WARNING: Shader If subshaders removal was intentional, you may have forgotten turning Fallback off?
WARNING: Shader Unsupported: 'Universal Render Pipeline/Terrain/Lit' - All subshaders removed
WARNING: Shader Did you use #pragma only_renderers and omit this platform?
WARNING: Shader If subshaders removal was intentional, you may have forgotten turning Fallback off?
Refreshing native plugins compatible for Editor in 4.51 ms, found 4 plugins.
Preloading 0 native plugins for Editor in 0.00 ms.
Unloading 47 Unused Serialized files (Serialized files now loaded: 0)
Unloading 9197 unused Assets / (8.2 MB). Loaded Objects now: 9927.
Memory consumption went from 174.7 MB to 166.5 MB.
Total: 27.921800 ms (FindLiveObjects: 1.211500 ms CreateObjectMapping: 1.256500 ms MarkObjects: 17.530600 ms  DeleteObjects: 7.920300 ms)

Prepare: number of updated asset objects reloaded= 0
========================================================================
Received Import Request.
  Time since last request: 5.921349 seconds.
  path: Assets/scripts/LevelGenerator.cs
  artifactKey: Guid(1cd227f06c9bb43a2b0f8fee6a4673c9) Importer(2089858483,b0f066a214c2f5e87bad3c948f4d605d)
Start importing Assets/scripts/LevelGenerator.cs using Guid(1cd227f06c9bb43a2b0f8fee6a4673c9) Importer(2089858483,b0f066a214c2f5e87bad3c948f4d605d) (ScriptedImporter) -> (artifact id: '1ee1ab174bdce8532110717bb398f166') in 0.0653638 seconds
Number of updated asset objects reloaded before import = 0Number of asset objects unloaded after import = 0

========================================================================
Received Prepare
Begin MonoManager ReloadAssembly
Symbol file LoadedFromMemory is not a mono symbol file
- Loaded All Assemblies, in  1.833 seconds
Refreshing native plugins compatible for Editor in 2.65 ms, found 4 plugins.
Native extension for iOS target not found
Native extension for Android target not found
Native extension for UWP target not found
Native extension for WindowsStandalone target not found
Native extension for WebGL target not found
[Package Manager] Failed to launch server process. Reason: Unity was launched with the -noUpm command-line argument
[Package Manager] Unable to send message (not connected to server process).
[Package Manager] Cannot connect to Unity Package Manager local server
[Package Manager] Failed to launch server process. Reason: Unity was launched with the -noUpm command-line argument
[Package Manager] Unable to send message (not connected to server process).
[Package Manager] Cannot connect to Unity Package Manager local server
Mono: successfully reloaded assembly
- Finished resetting the current domain, in  1.645 seconds
Domain Reload Profiling: 3480ms
	BeginReloadAssembly (438ms)
		ExecutionOrderSort (0ms)
		DisableScriptedObjects (27ms)
		BackupInstance (0ms)
		ReleaseScriptingObjects (1ms)
		CreateAndSetChildDomain (129ms)
	RebuildCommonClasses (72ms)
	RebuildNativeTypeToScriptingClass (27ms)
	initialDomainReloadingComplete (59ms)
	LoadAllAssembliesAndSetupDomain (1238ms)
		LoadAssemblies (965ms)
		RebuildTransferFunctionScriptingTraits (0ms)
		AnalyzeDomain (458ms)
			TypeCache.Refresh (30ms)
				TypeCache.ScanAssembly (2ms)
			BuildScriptInfoCaches (402ms)
			ResolveRequiredComponents (18ms)
	FinalizeReload (1645ms)
		ReleaseScriptCaches (0ms)
		RebuildScriptCaches (0ms)
		SetupLoadedEditorAssemblies (1369ms)
			LogAssemblyErrors (0ms)
			InitializePlatformSupportModulesInManaged (41ms)
			SetLoadedEditorAssemblies (12ms)
			BeforeProcessingInitializeOnLoad (426ms)
			ProcessInitializeOnLoadAttributes (642ms)
			ProcessInitializeOnLoadMethodAttributes (238ms)
			AfterProcessingInitializeOnLoad (9ms)
			EditorAssembliesLoaded (1ms)
		ExecutionOrderSort2 (0ms)
		AwakeInstancesAfterBackupRestoration (13ms)
WARNING: Shader Unsupported: 'Hidden/Universal Render Pipeline/Terrain/Lit (Base Pass)' - All subshaders removed
WARNING: Shader Did you use #pragma only_renderers and omit this platform?
WARNING: Shader If subshaders removal was intentional, you may have forgotten turning Fallback off?
WARNING: Shader Unsupported: 'Hidden/Universal Render Pipeline/Terrain/Lit (Base Pass)' - All subshaders removed
WARNING: Shader Did you use #pragma only_renderers and omit this platform?
WARNING: Shader If subshaders removal was intentional, you may have forgotten turning Fallback off?
WARNING: Shader Unsupported: 'Universal Render Pipeline/Terrain/Lit' - All subshaders removed
WARNING: Shader Did you use #pragma only_renderers and omit this platform?
WARNING: Shader If subshaders removal was intentional, you may have forgotten turning Fallback off?
WARNING: Shader Unsupported: 'Universal Render Pipeline/Terrain/Lit' - All subshaders removed
WARNING: Shader Did you use #pragma only_renderers and omit this platform?
WARNING: Shader If subshaders removal was intentional, you may have forgotten turning Fallback off?
Refreshing native plugins compatible for Editor in 5.42 ms, found 4 plugins.
Preloading 0 native plugins for Editor in 0.00 ms.
Unloading 47 Unused Serialized files (Serialized files now loaded: 0)
Unloading 9211 unused Assets / (7.3 MB). Loaded Objects now: 9933.
Memory consumption went from 174.6 MB to 167.2 MB.
Total: 21.876100 ms (FindLiveObjects: 1.203500 ms CreateObjectMapping: 1.219900 ms MarkObjects: 12.960400 ms  DeleteObjects: 6.489300 ms)

Prepare: number of updated asset objects reloaded= 0
========================================================================
Received Import Request.
  Time since last request: 24.408282 seconds.
  path: Assets/Animations
  artifactKey: Guid(52a75e8ac08edb14c9fa5aac16b4bce8) Importer(2089858483,b0f066a214c2f5e87bad3c948f4d605d)
Start importing Assets/Animations using Guid(52a75e8ac08edb14c9fa5aac16b4bce8) Importer(2089858483,b0f066a214c2f5e87bad3c948f4d605d) (ScriptedImporter) -> (artifact id: '69139bca3766087f375a42791766b8d8') in 0.097627 seconds
Number of updated asset objects reloaded before import = 0Number of asset objects unloaded after import = 1

========================================================================
Received Import Request.
  Time since last request: 0.000040 seconds.
  path: Assets/Animations/jump_hero.anim
  artifactKey: Guid(e5cb1d65eb5afe64c8eeefaced7da8b7) Importer(2089858483,b0f066a214c2f5e87bad3c948f4d605d)
Start importing Assets/Animations/jump_hero.anim using Guid(e5cb1d65eb5afe64c8eeefaced7da8b7) Importer(2089858483,b0f066a214c2f5e87bad3c948f4d605d) (ScriptedImporter) -> (artifact id: '2819f1e2a0388c76b2b3dc5add87dcdc') in 0.0897977 seconds
Number of updated asset objects reloaded before import = 0Number of asset objects unloaded after import = 1

========================================================================
Received Prepare
Begin MonoManager ReloadAssembly
[Licensing::Client] Successfully resolved entitlement details
Symbol file LoadedFromMemory is not a mono symbol file
- Loaded All Assemblies, in  1.608 seconds
Refreshing native plugins compatible for Editor in 2.67 ms, found 4 plugins.
Native extension for iOS target not found
Native extension for Android target not found
Native extension for UWP target not found
Native extension for WindowsStandalone target not found
Native extension for WebGL target not found
[Package Manager] Failed to launch server process. Reason: Unity was launched with the -noUpm command-line argument
[Package Manager] Unable to send message (not connected to server process).
[Package Manager] Cannot connect to Unity Package Manager local server
[Package Manager] Failed to launch server process. Reason: Unity was launched with the -noUpm command-line argument
[Package Manager] Unable to send message (not connected to server process).
[Package Manager] Cannot connect to Unity Package Manager local server
Mono: successfully reloaded assembly
- Finished resetting the current domain, in  1.755 seconds
Domain Reload Profiling: 3365ms
	BeginReloadAssembly (382ms)
		ExecutionOrderSort (0ms)
		DisableScriptedObjects (22ms)
		BackupInstance (0ms)
		ReleaseScriptingObjects (0ms)
		CreateAndSetChildDomain (101ms)
	RebuildCommonClasses (60ms)
	RebuildNativeTypeToScriptingClass (26ms)
	initialDomainReloadingComplete (56ms)
	LoadAllAssembliesAndSetupDomain (1085ms)
		LoadAssemblies (771ms)
		RebuildTransferFunctionScriptingTraits (0ms)
		AnalyzeDomain (492ms)
			TypeCache.Refresh (15ms)
				TypeCache.ScanAssembly (0ms)
			BuildScriptInfoCaches (448ms)
			ResolveRequiredComponents (19ms)
	FinalizeReload (1756ms)
		ReleaseScriptCaches (0ms)
		RebuildScriptCaches (0ms)
		SetupLoadedEditorAssemblies (1476ms)
			LogAssemblyErrors (0ms)
			InitializePlatformSupportModulesInManaged (42ms)
			SetLoadedEditorAssemblies (12ms)
			BeforeProcessingInitializeOnLoad (458ms)
			ProcessInitializeOnLoadAttributes (665ms)
			ProcessInitializeOnLoadMethodAttributes (290ms)
			AfterProcessingInitializeOnLoad (7ms)
			EditorAssembliesLoaded (1ms)
		ExecutionOrderSort2 (0ms)
		AwakeInstancesAfterBackupRestoration (12ms)
WARNING: Shader Unsupported: 'Hidden/Universal Render Pipeline/Terrain/Lit (Base Pass)' - All subshaders removed
WARNING: Shader Did you use #pragma only_renderers and omit this platform?
WARNING: Shader If subshaders removal was intentional, you may have forgotten turning Fallback off?
WARNING: Shader Unsupported: 'Hidden/Universal Render Pipeline/Terrain/Lit (Base Pass)' - All subshaders removed
WARNING: Shader Did you use #pragma only_renderers and omit this platform?
WARNING: Shader If subshaders removal was intentional, you may have forgotten turning Fallback off?
WARNING: Shader Unsupported: 'Universal Render Pipeline/Terrain/Lit' - All subshaders removed
WARNING: Shader Did you use #pragma only_renderers and omit this platform?
WARNING: Shader If subshaders removal was intentional, you may have forgotten turning Fallback off?
WARNING: Shader Unsupported: 'Universal Render Pipeline/Terrain/Lit' - All subshaders removed
WARNING: Shader Did you use #pragma only_renderers and omit this platform?
WARNING: Shader If subshaders removal was intentional, you may have forgotten turning Fallback off?
Refreshing native plugins compatible for Editor in 4.54 ms, found 4 plugins.
Preloading 0 native plugins for Editor in 0.00 ms.
Unloading 47 Unused Serialized files (Serialized files now loaded: 0)
Unloading 9211 unused Assets / (7.7 MB). Loaded Objects now: 9939.
Memory consumption went from 174.6 MB to 166.9 MB.
Total: 25.100000 ms (FindLiveObjects: 1.259700 ms CreateObjectMapping: 1.765200 ms MarkObjects: 15.430400 ms  DeleteObjects: 6.636700 ms)

Prepare: number of updated asset objects reloaded= 0
